X,Y,OBJECTID,Province_State,Country_Region,Last_Update,Lat,Long_,Confirmed,Recovered,Deaths,Active,Admin2,FIPS,Combined_Key
67.709953,33.93911,1,,Afghanistan,2020/12/12 01:27:11+00,33.93911,67.709953,48116,38141,1945,8030,,,Afghanistan
20.1683,41.1533,2,,Albania,2020/12/12 01:27:11+00,41.1533,20.1683,46863,24136,977,21750,,,Albania
1.6596,28.0339,3,,Algeria,2020/12/12 01:27:11+00,28.0339,1.6596,91121,59590,2575,28956,,,Algeria
1.5218,42.5063,4,,Andorra,2020/12/12 01:27:11+00,42.5063,1.5218,7236,6598,78,560,,,Andorra
17.8739,-11.2027,5,,Angola,2020/12/12 01:27:11+00,-11.2027,17.8739,16061,8798,365,6898,,,Angola
-61.7964,17.0608,6,,Antigua and Barbuda,2020/12/12 01:27:11+00,17.0608,-61.7964,147,138,4,5,,,Antigua and Barbuda
-63.6167,-38.4161,7,,Argentina,2020/12/12 01:27:11+00,-38.4161,-63.6167,1489328,1324792,40606,123930,,,Argentina
45.0382,40.0691,8,,Armenia,2020/12/12 01:27:11+00,40.0691,45.0382,146317,123474,2445,20398,,,Armenia
149.0124,-35.4735,9,Australian Capital Territory,Australia,2020/12/12 01:27:11+00,-35.4735,149.0124,117,114,3,0,,,"Australian Capital Territory, Australia"
151.2093,-33.8688,10,New South Wales,Australia,2020/12/12 01:27:11+00,-33.8688,151.2093,4639,3191,53,1395,,,"New South Wales, Australia"
130.8456,-12.4634,11,Northern Territory,Australia,2020/12/12 01:27:11+00,-12.4634,130.8456,62,52,0,10,,,"Northern Territory, Australia"
153.0251,-27.4698,12,Queensland,Australia,2020/12/12 01:27:11+00,-27.4698,153.0251,1226,1199,6,21,,,"Queensland, Australia"
138.6007,-34.9285,13,South Australia,Australia,2020/12/12 01:27:11+00,-34.9285,138.6007,562,558,4,0,,,"South Australia, Australia"
147.3272,-42.8821,14,Tasmania,Australia,2020/12/12 01:27:11+00,-42.8821,147.3272,234,217,13,4,,,"Tasmania, Australia"
144.9631,-37.8136,15,Victoria,Australia,2020/12/12 01:27:11+00,-37.8136,144.9631,20350,19525,820,5,,,"Victoria, Australia"
115.8605,-31.9505,16,Western Australia,Australia,2020/12/12 01:27:11+00,-31.9505,115.8605,834,813,9,12,,,"Western Australia, Australia"
14.5501,47.5162,17,,Austria,2020/12/12 01:27:11+00,47.5162,14.5501,316581,273503,4289,38789,,,Austria
47.5769,40.1431,18,,Azerbaijan,2020/12/12 01:27:11+00,40.1431,47.5769,167155,103550,1840,61765,,,Azerbaijan
-78.035889,25.025885,19,,Bahamas,2020/12/12 01:27:11+00,25.025885,-78.035889,7623,6043,163,1417,,,Bahamas
50.55,26.0275,20,,Bahrain,2020/12/12 01:27:11+00,26.0275,50.55,88820,86867,347,1606,,,Bahrain
90.3563,23.685,21,,Bangladesh,2020/12/12 01:27:11+00,23.685,90.3563,487849,414318,6986,66545,,,Bangladesh
-59.5432,13.1939,22,,Barbados,2020/12/12 01:27:11+00,13.1939,-59.5432,292,269,7,16,,,Barbados
27.9534,53.7098,23,,Belarus,2020/12/12 01:27:11+00,53.7098,27.9534,156359,133930,1246,21183,,,Belarus
4.4024,51.2195,24,Antwerp,Belgium,2020/12/12 01:27:11+00,51.2195,4.4024,71368,0,0,71368,,,"Antwerp, Belgium"
4.3517,50.8503,25,Brussels,Belgium,2020/12/12 01:27:11+00,50.8503,4.3517,78152,0,0,78152,,,"Brussels, Belgium"
3.7373,51.0362,26,East Flanders,Belgium,2020/12/12 01:27:11+00,51.0362,3.7373,57603,0,0,57603,,,"East Flanders, Belgium"
4.5833,50.9167,27,Flemish Brabant,Belgium,2020/12/12 01:27:11+00,50.9167,4.5833,45941,0,0,45941,,,"Flemish Brabant, Belgium"
4.0621,50.5257,28,Hainaut,Belgium,2020/12/12 01:27:11+00,50.5257,4.0621,96379,0,0,96379,,,"Hainaut, Belgium"
5.8492,50.4496,29,Liege,Belgium,2020/12/12 01:27:11+00,50.4496,5.8492,93467,0,0,93467,,,"Liege, Belgium"
5.342,50.9739,30,Limburg,Belgium,2020/12/12 01:27:11+00,50.9739,5.342,25857,0,0,25857,,,"Limburg, Belgium"
5.4677,50.0547,31,Luxembourg,Belgium,2020/12/12 01:27:11+00,50.0547,5.4677,17109,0,0,17109,,,"Luxembourg, Belgium"
4.8221,50.331,32,Namur,Belgium,2020/12/12 01:27:11+00,50.331,4.8221,33294,0,0,33294,,,"Namur, Belgium"
,,33,Unknown,Belgium,2020/12/12 01:27:11+00,,,9890,0,17692,-7802,,,"Unknown, Belgium"
4.35,50.4,34,Walloon Brabant,Belgium,2020/12/12 01:27:11+00,50.4,4.35,23828,0,0,23828,,,"Walloon Brabant, Belgium"
3.1458,51.0536,35,West Flanders,Belgium,2020/12/12 01:27:11+00,51.0536,3.1458,47509,0,0,47509,,,"West Flanders, Belgium"
-88.4976,17.1899,36,,Belize,2020/12/12 01:27:11+00,17.1899,-88.4976,8965,4219,185,4561,,,Belize
2.3158,9.3077,37,,Benin,2020/12/12 01:27:11+00,9.3077,2.3158,3090,2972,44,74,,,Benin
90.4336,27.5142,38,,Bhutan,2020/12/12 01:27:11+00,27.5142,90.4336,434,395,0,39,,,Bhutan
-63.5887,-16.2902,39,,Bolivia,2020/12/12 01:27:11+00,-16.2902,-63.5887,146385,125716,9008,11661,,,Bolivia
17.6791,43.9159,40,,Bosnia and Herzegovina,2020/12/12 01:27:11+00,43.9159,17.6791,99543,63733,3250,32560,,,Bosnia and Herzegovina
24.6849,-22.3285,41,,Botswana,2020/12/12 01:27:11+00,-22.3285,24.6849,12501,9940,37,2524,,,Botswana
-70.812,-9.0238,42,Acre,Brazil,2020/12/12 01:27:11+00,-9.0238,-70.812,37902,32515,744,4643,,,"Acre, Brazil"
-36.782,-9.5713,43,Alagoas,Brazil,2020/12/12 01:27:11+00,-9.5713,-36.782,97562,93519,2366,1677,,,"Alagoas, Brazil"
-52.003,0.902,44,Amapa,Brazil,2020/12/12 01:27:11+00,0.902,-52.003,62221,48386,842,12993,,,"Amapa, Brazil"
-65.8561,-3.4168,45,Amazonas,Brazil,2020/12/12 01:27:11+00,-3.4168,-65.8561,185089,158846,4978,21265,,,"Amazonas, Brazil"
-41.7007,-12.5797,46,Bahia,Brazil,2020/12/12 01:27:11+00,-12.5797,-41.7007,436662,419448,8531,8683,,,"Bahia, Brazil"
-39.3206,-5.4984,47,Ceara,Brazil,2020/12/12 01:27:11+00,-5.4984,-39.3206,313439,257263,9768,46408,,,"Ceara, Brazil"
-47.8645,-15.7998,48,Distrito Federal,Brazil,2020/12/12 01:27:11+00,-15.7998,-47.8645,237114,226300,4043,6771,,,"Distrito Federal, Brazil"
-40.3089,-19.1834,49,Espirito Santo,Brazil,2020/12/12 01:27:11+00,-19.1834,-40.3089,208252,193721,4510,10021,,,"Espirito Santo, Brazil"
-49.8362,-15.827,50,Goias,Brazil,2020/12/12 01:27:11+00,-15.827,-49.8362,290814,281538,6520,2756,,,"Goias, Brazil"
-45.2744,-4.9609,51,Maranhao,Brazil,2020/12/12 01:27:11+00,-4.9609,-45.2744,196446,187711,4362,4373,,,"Maranhao, Brazil"
-56.9211,-12.6819,52,Mato Grosso,Brazil,2020/12/12 01:27:11+00,-12.6819,-56.9211,164599,157600,4176,2823,,,"Mato Grosso, Brazil"
-54.7852,-20.7722,53,Mato Grosso do Sul,Brazil,2020/12/12 01:27:11+00,-20.7722,-54.7852,109785,95302,1888,12595,,,"Mato Grosso do Sul, Brazil"
-44.555,-18.5122,54,Minas Gerais,Brazil,2020/12/12 01:27:11+00,-18.5122,-44.555,453364,416183,10499,26682,,,"Minas Gerais, Brazil"
-54.9306,-1.9981,55,Para,Brazil,2020/12/12 01:27:11+00,-1.9981,-54.9306,278066,260763,6972,10331,,,"Para, Brazil"
-36.782,-7.24,56,Paraiba,Brazil,2020/12/12 01:27:11+00,-7.24,-36.782,152073,119971,3407,28695,,,"Paraiba, Brazil"
-52.0215,-25.2521,57,Parana,Brazil,2020/12/12 01:27:11+00,-25.2521,-52.0215,317861,227791,6653,83417,,,"Parana, Brazil"
-36.9541,-8.8137,58,Pernambuco,Brazil,2020/12/12 01:27:11+00,-8.8137,-36.9541,195118,171535,9229,14354,,,"Pernambuco, Brazil"
-42.7289,-7.7183,59,Piaui,Brazil,2020/12/12 01:27:11+00,-7.7183,-42.7289,133336,130707,2704,-75,,,"Piaui, Brazil"
-36.9541,-5.4026,60,Rio Grande do Norte,Brazil,2020/12/12 01:27:11+00,-5.4026,-36.9541,101209,48821,2770,49618,,,"Rio Grande do Norte, Brazil"
-51.2177,-30.0346,61,Rio Grande do Sul,Brazil,2020/12/12 01:27:11+00,-30.0346,-51.2177,363979,341444,7452,15083,,,"Rio Grande do Sul, Brazil"
-43.1729,-22.9068,62,Rio de Janeiro,Brazil,2020/12/12 01:27:11+00,-22.9068,-43.1729,381644,353207,23546,4891,,,"Rio de Janeiro, Brazil"
-63.5806,-11.5057,63,Rondonia,Brazil,2020/12/12 01:27:11+00,-11.5057,-63.5806,84919,74259,1628,9032,,,"Rondonia, Brazil"
-62.0751,-2.7376,64,Roraima,Brazil,2020/12/12 01:27:11+00,-2.7376,-62.0751,65595,61934,749,2912,,,"Roraima, Brazil"
-50.2189,-27.2423,65,Santa Catarina,Brazil,2020/12/12 01:27:11+00,-27.2423,-50.2189,416752,388872,4224,23656,,,"Santa Catarina, Brazil"
-46.6333,-23.5505,66,Sao Paulo,Brazil,2020/12/12 01:27:11+00,-23.5505,-46.6333,1316371,1166823,43661,105887,,,"Sao Paulo, Brazil"
-37.3857,-10.5741,67,Sergipe,Brazil,2020/12/12 01:27:11+00,-10.5741,-37.3857,96990,86256,2351,8383,,,"Sergipe, Brazil"
-48.2982,-10.1753,68,Tocantins,Brazil,2020/12/12 01:27:11+00,-10.1753,-48.2982,84637,76004,1192,7441,,,"Tocantins, Brazil"
114.7277,4.5353,69,,Brunei,2020/12/12 01:27:11+00,4.5353,114.7277,152,147,3,2,,,Brunei
25.4858,42.7339,70,,Bulgaria,2020/12/12 01:27:11+00,42.7339,25.4858,177665,79522,5562,92581,,,Bulgaria
-1.5616,12.2383,71,,Burkina Faso,2020/12/12 01:27:11+00,12.2383,-1.5616,3579,2792,69,718,,,Burkina Faso
95.956,21.9162,72,,Burma,2020/12/12 01:27:11+00,21.9162,95.956,105863,84338,2220,19305,,,Burma
29.9189,-3.3731,73,,Burundi,2020/12/12 01:27:11+00,-3.3731,29.9189,723,640,1,82,,,Burundi
-23.0418,16.5388,74,,Cabo Verde,2020/12/12 01:27:11+00,16.5388,-23.0418,11262,10894,110,258,,,Cabo Verde
104.9167,11.55,75,,Cambodia,2020/12/12 01:27:11+00,11.55,104.9167,357,307,0,50,,,Cambodia
11.5021,3.848,76,,Cameroon,2020/12/12 01:27:11+00,3.848,11.5021,25087,23851,443,793,,,Cameroon
-116.5765,53.9333,77,Alberta,Canada,2020/12/12 01:27:11+00,53.9333,-116.5765,76792,55947,684,20161,,,"Alberta, Canada"
-127.6476,53.7267,78,British Columbia,Canada,2020/12/12 01:27:11+00,53.7267,-127.6476,40797,29598,598,10601,,,"British Columbia, Canada"
,,79,Diamond Princess,Canada,2020/12/12 01:27:11+00,,,0,0,1,0,,,"Diamond Princess, Canada"
,,80,Grand Princess,Canada,2020/12/12 01:27:11+00,,,13,13,0,0,,,"Grand Princess, Canada"
-98.8139,53.7609,81,Manitoba,Canada,2020/12/12 01:27:11+00,53.7609,-98.8139,20392,14410,465,5517,,,"Manitoba, Canada"
-66.4619,46.5653,82,New Brunswick,Canada,2020/12/12 01:27:11+00,46.5653,-66.4619,554,468,8,78,,,"New Brunswick, Canada"
-57.6604,53.1355,83,Newfoundland and Labrador,Canada,2020/12/12 01:27:11+00,53.1355,-57.6604,355,331,4,20,,,"Newfoundland and Labrador, Canada"
-124.8457,64.8255,84,Northwest Territories,Canada,2020/12/12 01:27:11+00,64.8255,-124.8457,20,15,0,5,,,"Northwest Territories, Canada"
-63.7443,44.682,85,Nova Scotia,Canada,2020/12/12 01:27:11+00,44.682,-63.7443,1402,1272,65,65,,,"Nova Scotia, Canada"
-83.1076,70.2998,86,Nunavut,Canada,2020/12/12 01:27:11+00,70.2998,-83.1076,245,189,0,56,,,"Nunavut, Canada"
-85.3232,51.2538,87,Ontario,Canada,2020/12/12 01:27:11+00,51.2538,-85.3232,140320,121956,3931,14433,,,"Ontario, Canada"
-63.4168,46.5107,88,Prince Edward Island,Canada,2020/12/12 01:27:11+00,46.5107,-63.4168,84,72,0,12,,,"Prince Edward Island, Canada"
-73.5491,52.9399,89,Quebec,Canada,2020/12/12 01:27:11+00,52.9399,-73.5491,160023,136646,7435,15942,,,"Quebec, Canada"
,,90,Repatriated Travellers,Canada,2020/12/12 01:27:11+00,,,13,13,0,0,,,"Repatriated Travellers, Canada"
-106.4509,52.9399,91,Saskatchewan,Canada,2020/12/12 01:27:11+00,52.9399,-106.4509,11475,6853,75,4547,,,"Saskatchewan, Canada"
-135.0,64.2823,92,Yukon,Canada,2020/12/12 01:27:11+00,64.2823,-135,58,54,1,3,,,"Yukon, Canada"
20.9394,6.6111,93,,Central African Republic,2020/12/12 01:27:11+00,6.6111,20.9394,4936,1924,63,2949,,,Central African Republic
18.7322,15.4542,94,,Chad,2020/12/12 01:27:11+00,15.4542,18.7322,1745,1595,102,48,,,Chad
-70.3975,-23.6509,95,Antofagasta,Chile,2020/12/12 01:27:11+00,-23.6509,-70.3975,22491,21697,569,225,,,"Antofagasta, Chile"
-72.3311,-38.9489,96,Araucania,Chile,2020/12/12 01:27:11+00,-38.9489,-72.3311,19367,18099,257,1011,,,"Araucania, Chile"
-69.4785,-18.594,97,Arica y Parinacota,Chile,2020/12/12 01:27:11+00,-18.594,-69.4785,10372,10045,213,114,,,"Arica y Parinacota, Chile"
-70.0503,-27.5661,98,Atacama,Chile,2020/12/12 01:27:11+00,-27.5661,-70.0503,8256,8085,108,63,,,"Atacama, Chile"
-73.7669,-45.9864,99,Aysen,Chile,2020/12/12 01:27:11+00,-45.9864,-73.7669,1322,1261,15,46,,,"Aysen, Chile"
-72.1416,-37.4464,100,Biobio,Chile,2020/12/12 01:27:11+00,-37.4464,-72.1416,39947,37111,658,2178,,,"Biobio, Chile"
-71.3389,-29.959,101,Coquimbo,Chile,2020/12/12 01:27:11+00,-29.959,-71.3389,13439,12953,275,211,,,"Coquimbo, Chile"
-72.1416,-41.9198,102,Los Lagos,Chile,2020/12/12 01:27:11+00,-41.9198,-72.1416,22146,21023,223,900,,,"Los Lagos, Chile"
-72.3311,-40.231,103,Los Rios,Chile,2020/12/12 01:27:11+00,-40.231,-72.3311,7009,6370,64,575,,,"Los Rios, Chile"
-70.9863,-52.368,104,Magallanes,Chile,2020/12/12 01:27:11+00,-52.368,-70.9863,15297,14563,213,521,,,"Magallanes, Chile"
-71.6885,-35.5183,105,Maule,Chile,2020/12/12 01:27:11+00,-35.5183,-71.6885,21939,20823,505,611,,,"Maule, Chile"
-70.6505,-33.4376,106,Metropolitana,Chile,2020/12/12 01:27:11+00,-33.4376,-70.6505,309047,295727,10495,2825,,,"Metropolitana, Chile"
-71.7622,-36.7226,107,Nuble,Chile,2020/12/12 01:27:11+00,-36.7226,-71.7622,9373,8811,188,374,,,"Nuble, Chile"
-71.0022,-34.5755,108,OHiggins,Chile,2020/12/12 01:27:11+00,-34.5755,-71.0022,20369,19474,560,335,,,"OHiggins, Chile"
-69.5132,-19.9232,109,Tarapaca,Chile,2020/12/12 01:27:11+00,-19.9232,-69.5132,14235,13711,261,263,,,"Tarapaca, Chile"
,,110,Unknown,Chile,2020/12/12 01:27:11+00,,,45,45,1,0,,,"Unknown, Chile"
-71.6127,-33.0472,111,Valparaiso,Chile,2020/12/12 01:27:11+00,-33.0472,-71.6127,33320,31547,1177,596,,,"Valparaiso, Chile"
117.2264,31.8257,112,Anhui,China,2020/12/12 01:27:11+00,31.8257,117.2264,992,986,6,0,,,"Anhui, China"
116.4142,40.1824,113,Beijing,China,2020/12/12 01:27:11+00,40.1824,116.4142,952,939,9,4,,,"Beijing, China"
107.874,30.0572,114,Chongqing,China,2020/12/12 01:27:11+00,30.0572,107.874,590,583,6,1,,,"Chongqing, China"
117.9874,26.0789,115,Fujian,China,2020/12/12 01:27:11+00,26.0789,117.9874,501,458,1,42,,,"Fujian, China"
104.2861,35.7518,116,Gansu,China,2020/12/12 01:27:11+00,35.7518,104.2861,182,180,2,0,,,"Gansu, China"
113.4244,23.3417,117,Guangdong,China,2020/12/12 01:27:11+00,23.3417,113.4244,2013,1969,8,36,,,"Guangdong, China"
108.7881,23.8298,118,Guangxi,China,2020/12/12 01:27:11+00,23.8298,108.7881,264,261,2,1,,,"Guangxi, China"
106.8748,26.8154,119,Guizhou,China,2020/12/12 01:27:11+00,26.8154,106.8748,147,145,2,0,,,"Guizhou, China"
109.7453,19.1959,120,Hainan,China,2020/12/12 01:27:11+00,19.1959,109.7453,171,165,6,0,,,"Hainan, China"
114.9042,37.8957,121,Hebei,China,2020/12/12 01:27:11+00,37.8957,114.9042,373,367,6,0,,,"Hebei, China"
127.7615,47.862,122,Heilongjiang,China,2020/12/12 01:27:11+00,47.862,127.7615,951,936,13,2,,,"Heilongjiang, China"
113.614,33.882,123,Henan,China,2020/12/12 01:27:11+00,33.882,113.614,1295,1266,22,7,,,"Henan, China"
114.2,22.3,124,Hong Kong,China,2020/12/12 01:27:11+00,22.3,114.2,7377,5996,114,1267,,,"Hong Kong, China"
112.2707,30.9756,125,Hubei,China,2020/12/12 01:27:11+00,30.9756,112.2707,68149,63636,4512,1,,,"Hubei, China"
111.7088,27.6104,126,Hunan,China,2020/12/12 01:27:11+00,27.6104,111.7088,1020,1016,4,0,,,"Hunan, China"
113.9448,44.0935,127,Inner Mongolia,China,2020/12/12 01:27:11+00,44.0935,113.9448,337,311,1,25,,,"Inner Mongolia, China"
119.455,32.9711,128,Jiangsu,China,2020/12/12 01:27:11+00,32.9711,119.455,681,675,0,6,,,"Jiangsu, China"
115.7221,27.614,129,Jiangxi,China,2020/12/12 01:27:11+00,27.614,115.7221,935,934,1,0,,,"Jiangxi, China"
126.1923,43.6661,130,Jilin,China,2020/12/12 01:27:11+00,43.6661,126.1923,157,155,2,0,,,"Jilin, China"
122.6085,41.2956,131,Liaoning,China,2020/12/12 01:27:11+00,41.2956,122.6085,289,287,2,0,,,"Liaoning, China"
113.55,22.1667,132,Macau,China,2020/12/12 01:27:11+00,22.1667,113.55,46,46,0,0,,,"Macau, China"
106.1655,37.2692,133,Ningxia,China,2020/12/12 01:27:11+00,37.2692,106.1655,75,75,0,0,,,"Ningxia, China"
95.9956,35.7452,134,Qinghai,China,2020/12/12 01:27:11+00,35.7452,95.9956,18,18,0,0,,,"Qinghai, China"
108.8701,35.1917,135,Shaanxi,China,2020/12/12 01:27:11+00,35.1917,108.8701,502,480,3,19,,,"Shaanxi, China"
118.1498,36.3427,136,Shandong,China,2020/12/12 01:27:11+00,36.3427,118.1498,857,841,7,9,,,"Shandong, China"
121.4491,31.202,137,Shanghai,China,2020/12/12 01:27:11+00,31.202,121.4491,1390,1302,7,81,,,"Shanghai, China"
112.2922,37.5777,138,Shanxi,China,2020/12/12 01:27:11+00,37.5777,112.2922,222,218,0,4,,,"Shanxi, China"
102.7103,30.6171,139,Sichuan,China,2020/12/12 01:27:11+00,30.6171,102.7103,826,787,3,36,,,"Sichuan, China"
117.323,39.3054,140,Tianjin,China,2020/12/12 01:27:11+00,39.3054,117.323,301,293,3,5,,,"Tianjin, China"
88.0924,31.6927,141,Tibet,China,2020/12/12 01:27:11+00,31.6927,88.0924,1,1,0,0,,,"Tibet, China"
85.2401,41.1129,142,Xinjiang,China,2020/12/12 01:27:11+00,41.1129,85.2401,980,977,3,0,,,"Xinjiang, China"
101.487,24.974,143,Yunnan,China,2020/12/12 01:27:11+00,24.974,101.487,222,210,2,10,,,"Yunnan, China"
120.0934,29.1832,144,Zhejiang,China,2020/12/12 01:27:11+00,29.1832,120.0934,1295,1290,1,4,,,"Zhejiang, China"
-71.5724,-1.4429,145,Amazonas,Colombia,2020/12/12 01:27:11+00,-1.4429,-71.5724,3169,3031,123,15,,,"Amazonas, Colombia"
-75.3412,7.1986,146,Antioquia,Colombia,2020/12/12 01:27:11+00,7.1986,-75.3412,226936,210318,4289,12329,,,"Antioquia, Colombia"
-70.7105,7.0762,147,Arauca,Colombia,2020/12/12 01:27:11+00,7.0762,-70.7105,4329,3984,124,221,,,"Arauca, Colombia"
-74.8741,10.6966,148,Atlantico,Colombia,2020/12/12 01:27:11+00,10.6966,-74.8741,81809,76319,3257,2233,,,"Atlantico, Colombia"
-74.03,8.6704,149,Bolivar,Colombia,2020/12/12 01:27:11+00,8.6704,-74.03,42536,39686,959,1891,,,"Bolivar, Colombia"
-73.362,5.4545,150,Boyaca,Colombia,2020/12/12 01:27:11+00,5.4545,-73.362,23955,21842,523,1590,,,"Boyaca, Colombia"
-75.2479,5.2983,151,Caldas,Colombia,2020/12/12 01:27:11+00,5.2983,-75.2479,27618,25277,530,1811,,,"Caldas, Colombia"
-74.0721,4.711,152,Capital District,Colombia,2020/12/12 01:27:11+00,4.711,-74.0721,400408,368298,8843,23267,,,"Capital District, Colombia"
-73.8419,0.8699,153,Caqueta,Colombia,2020/12/12 01:27:11+00,0.8699,-73.8419,13869,12601,492,776,,,"Caqueta, Colombia"
-71.5724,5.7589,154,Casanare,Colombia,2020/12/12 01:27:11+00,5.7589,-71.5724,7653,7121,156,376,,,"Casanare, Colombia"
-76.826,2.705,155,Cauca,Colombia,2020/12/12 01:27:11+00,2.705,-76.826,16600,15044,461,1095,,,"Cauca, Colombia"
-73.6536,9.3373,156,Cesar,Colombia,2020/12/12 01:27:11+00,9.3373,-73.6536,31000,28300,934,1766,,,"Cesar, Colombia"
-76.826,5.2528,157,Choco,Colombia,2020/12/12 01:27:11+00,5.2528,-76.826,4605,4324,166,115,,,"Choco, Colombia"
-75.574,8.0493,158,Cordoba,Colombia,2020/12/12 01:27:11+00,8.0493,-75.574,28709,26027,1659,1023,,,"Cordoba, Colombia"
-74.03,5.026,159,Cundinamarca,Colombia,2020/12/12 01:27:11+00,5.026,-74.03,56552,52245,1495,2812,,,"Cundinamarca, Colombia"
-68.5247,2.5854,160,Guainia,Colombia,2020/12/12 01:27:11+00,2.5854,-68.5247,1217,1188,19,10,,,"Guainia, Colombia"
-73.2603,1.0654,161,Guaviare,Colombia,2020/12/12 01:27:11+00,1.0654,-73.2603,1882,1823,34,25,,,"Guaviare, Colombia"
-75.5277,2.5359,162,Huila,Colombia,2020/12/12 01:27:11+00,2.5359,-75.5277,31546,29736,1020,790,,,"Huila, Colombia"
-72.5205,11.3548,163,La Guajira,Colombia,2020/12/12 01:27:11+00,11.3548,-72.5205,12755,11754,502,499,,,"La Guajira, Colombia"
-74.4057,10.4113,164,Magdalena,Colombia,2020/12/12 01:27:11+00,10.4113,-74.4057,21667,19717,994,956,,,"Magdalena, Colombia"
-73.0877,3.272,165,Meta,Colombia,2020/12/12 01:27:11+00,3.272,-73.0877,29921,28385,665,871,,,"Meta, Colombia"
-77.3579,1.2892,166,Narino,Colombia,2020/12/12 01:27:11+00,1.2892,-77.3579,26935,24547,885,1503,,,"Narino, Colombia"
-72.8988,7.9463,167,Norte de Santander,Colombia,2020/12/12 01:27:11+00,7.9463,-72.8988,32516,29022,1548,1946,,,"Norte de Santander, Colombia"
-75.5277,0.436,168,Putumayo,Colombia,2020/12/12 01:27:11+00,0.436,-75.5277,5235,4708,231,296,,,"Putumayo, Colombia"
-75.6674,4.461,169,Quindio,Colombia,2020/12/12 01:27:11+00,4.461,-75.6674,19235,17444,516,1275,,,"Quindio, Colombia"
-75.9928,5.3158,170,Risaralda,Colombia,2020/12/12 01:27:11+00,5.3158,-75.9928,25976,23574,626,1776,,,"Risaralda, Colombia"
-81.7185,12.5567,171,San Andres y Providencia,Colombia,2020/12/12 01:27:11+00,12.5567,-81.7185,2331,2215,36,80,,,"San Andres y Providencia, Colombia"
-73.6536,6.6437,172,Santander,Colombia,2020/12/12 01:27:11+00,6.6437,-73.6536,57559,51793,2121,3645,,,"Santander, Colombia"
-74.7233,8.814,173,Sucre,Colombia,2020/12/12 01:27:11+00,8.814,-74.7233,16858,15735,661,462,,,"Sucre, Colombia"
-75.1545,4.0925,174,Tolima,Colombia,2020/12/12 01:27:11+00,4.0925,-75.1545,33405,30838,1009,1558,,,"Tolima, Colombia"
,,175,Unknown,Colombia,2020/12/12 01:27:11+00,,,0,7879,0,-7879,,,"Unknown, Colombia"
-76.6413,3.8009,176,Valle del Cauca,Colombia,2020/12/12 01:27:11+00,3.8009,-76.6413,117941,107396,3767,6778,,,"Valle del Cauca, Colombia"
-70.812,0.8554,177,Vaupes,Colombia,2020/12/12 01:27:11+00,0.8554,-70.812,1124,1104,12,8,,,"Vaupes, Colombia"
-69.2878,4.4234,178,Vichada,Colombia,2020/12/12 01:27:11+00,4.4234,-69.2878,1058,1024,12,22,,,"Vichada, Colombia"
43.3333,-11.6455,179,,Comoros,2020/12/12 01:27:11+00,-11.6455,43.3333,617,605,7,5,,,Comoros
15.8277,-0.228,180,,Congo (Brazzaville),2020/12/12 01:27:11+00,-0.228,15.8277,6049,4988,99,962,,,Congo (Brazzaville)
21.7587,-4.0383,181,,Congo (Kinshasa),2020/12/12 01:27:11+00,-4.0383,21.7587,14169,12208,350,1611,,,Congo (Kinshasa)
-83.7534,9.7489,182,,Costa Rica,2020/12/12 01:27:11+00,9.7489,-83.7534,150947,112622,1895,36430,,,Costa Rica
-5.5471,7.54,183,,Cote d'Ivoire,2020/12/12 01:27:11+00,7.54,-5.5471,21618,21234,133,251,,,Cote d'Ivoire
15.2,45.1,184,,Croatia,2020/12/12 01:27:11+00,45.1,15.2,168388,140898,2484,25006,,,Croatia
-77.781167,21.521757,185,,Cuba,2020/12/12 01:27:11+00,21.521757,-77.781167,9267,8290,136,841,,,Cuba
33.4299,35.1264,186,,Cyprus,2020/12/12 01:27:11+00,35.1264,33.4299,13649,2057,70,11522,,,Cyprus
15.473,49.8175,187,,Czechia,2020/12/12 01:27:11+00,49.8175,15.473,569205,497828,9341,62036,,,Czechia
9.5018,56.2639,188,,Denmark,2020/12/12 01:27:11+00,56.2639,9.5018,103564,76927,927,25710,,,Denmark
-6.9118,61.8926,189,Faroe Islands,Denmark,2020/12/12 01:27:11+00,61.8926,-6.9118,520,503,0,17,,,"Faroe Islands, Denmark"
-42.6043,71.7069,190,Greenland,Denmark,2020/12/12 01:27:11+00,71.7069,-42.6043,19,18,0,1,,,"Greenland, Denmark"
,,191,,Diamond Princess,2020/12/12 01:27:11+00,,,712,699,13,0,,,Diamond Princess
42.5903,11.8251,192,,Djibouti,2020/12/12 01:27:11+00,11.8251,42.5903,5721,5608,61,52,,,Djibouti
-61.371,15.415,193,,Dominica,2020/12/12 01:27:11+00,15.415,-61.371,87,76,0,11,,,Dominica
-70.1627,18.7357,194,,Dominican Republic,2020/12/12 01:27:11+00,18.7357,-70.1627,152452,118877,2359,31216,,,Dominican Republic
-78.1834,-1.8312,195,,Ecuador,2020/12/12 01:27:11+00,-1.8312,-78.1834,200765,174188,13858,12719,,,Ecuador
30.802498,26.820553,196,,Egypt,2020/12/12 01:27:11+00,26.820553,30.802498,120611,104499,6877,9235,,,Egypt
-88.8965,13.7942,197,,El Salvador,2020/12/12 01:27:11+00,13.7942,-88.8965,40741,37172,1186,2383,,,El Salvador
10.2679,1.6508,198,,Equatorial Guinea,2020/12/12 01:27:11+00,1.6508,10.2679,5183,5048,85,50,,,Equatorial Guinea
39.7823,15.1794,199,,Eritrea,2020/12/12 01:27:11+00,15.1794,39.7823,656,525,0,131,,,Eritrea
25.0136,58.5953,200,,Estonia,2020/12/12 01:27:11+00,58.5953,25.0136,16956,10533,142,6281,,,Estonia
31.4659,-26.5225,201,,Eswatini,2020/12/12 01:27:11+00,-26.5225,31.4659,6685,6279,126,280,,,Eswatini
40.4897,9.145,202,,Ethiopia,2020/12/12 01:27:11+00,9.145,40.4897,115782,91209,1791,22782,,,Ethiopia
178.065,-17.7134,203,,Fiji,2020/12/12 01:27:11+00,-17.7134,178.065,44,35,2,7,,,Fiji
25.748151,61.92411,204,,Finland,2020/12/12 01:27:11+00,61.92411,25.748151,30073,20000,453,9620,,,Finland
2.2137,46.2276,205,,France,2020/12/12 01:27:11+00,46.2276,2.2137,2348795,152555,57210,2138952,,,France
-53.0,4.0,206,French Guiana,France,2020/12/12 01:27:11+00,4,-53,11755,9995,71,1689,,,"French Guiana, France"
-149.4068,-17.6797,207,French Polynesia,France,2020/12/12 01:27:11+00,-17.6797,-149.4068,15618,4842,91,10685,,,"French Polynesia, France"
-61.551,16.265,208,Guadeloupe,France,2020/12/12 01:27:11+00,16.265,-61.551,8472,2242,151,6079,,,"Guadeloupe, France"
-61.0242,14.6415,209,Martinique,France,2020/12/12 01:27:11+00,14.6415,-61.0242,5575,98,42,5435,,,"Martinique, France"
45.166244,-12.8275,210,Mayotte,France,2020/12/12 01:27:11+00,-12.8275,45.166244,5551,2964,52,2535,,,"Mayotte, France"
165.618042,-20.904305,211,New Caledonia,France,2020/12/12 01:27:11+00,-20.904305,165.618042,36,32,0,4,,,"New Caledonia, France"
55.5364,-21.1151,212,Reunion,France,2020/12/12 01:27:11+00,-21.1151,55.5364,8431,8037,41,353,,,"Reunion, France"
-62.8333,17.9,213,Saint Barthelemy,France,2020/12/12 01:27:11+00,17.9,-62.8333,162,127,1,34,,,"Saint Barthelemy, France"
-56.3159,46.8852,214,Saint Pierre and Miquelon,France,2020/12/12 01:27:11+00,46.8852,-56.3159,14,14,0,0,,,"Saint Pierre and Miquelon, France"
-63.0501,18.0708,215,St Martin,France,2020/12/12 01:27:11+00,18.0708,-63.0501,801,675,12,114,,,"St Martin, France"
11.6094,-0.8037,216,,Gabon,2020/12/12 01:27:11+00,-0.8037,11.6094,9330,9182,63,85,,,Gabon
-15.3101,13.4432,217,,Gambia,2020/12/12 01:27:11+00,13.4432,-15.3101,3779,3645,123,11,,,Gambia
43.3569,42.3154,218,,Georgia,2020/12/12 01:27:11+00,42.3154,43.3569,183099,150461,1694,30944,,,Georgia
9.3501,48.6616,219,Baden-Wurttemberg,Germany,2020/12/12 01:27:11+00,48.6616,9.3501,182951,130210,3352,49389,,,"Baden-Wurttemberg, Germany"
11.4979,48.7904,220,Bayern,Germany,2020/12/12 01:27:11+00,48.7904,11.4979,249077,186023,4731,58323,,,"Bayern, Germany"
13.405,52.52,221,Berlin,Germany,2020/12/12 01:27:11+00,52.52,13.405,77212,57042,790,19380,,,"Berlin, Germany"
12.5316,52.4125,222,Brandenburg,Germany,2020/12/12 01:27:11+00,52.4125,12.5316,27283,19202,542,7539,,,"Brandenburg, Germany"
8.8017,53.0793,223,Bremen,Germany,2020/12/12 01:27:11+00,53.0793,8.8017,11498,9713,150,1635,,,"Bremen, Germany"
9.9937,53.5511,224,Hamburg,Germany,2020/12/12 01:27:11+00,53.5511,9.9937,28624,21200,458,6966,,,"Hamburg, Germany"
9.1624,50.6521,225,Hessen,Germany,2020/12/12 01:27:11+00,50.6521,9.1624,102817,75718,1659,25440,,,"Hessen, Germany"
12.4296,53.6127,226,Mecklenburg-Vorpommern,Germany,2020/12/12 01:27:11+00,53.6127,12.4296,7873,5678,96,2099,,,"Mecklenburg-Vorpommern, Germany"
9.8451,52.6367,227,Niedersachsen,Germany,2020/12/12 01:27:11+00,52.6367,9.8451,82984,68675,1386,12923,,,"Niedersachsen, Germany"
7.6616,51.4332,228,Nordrhein-Westfalen,Germany,2020/12/12 01:27:11+00,51.4332,7.6616,305464,237134,4346,63984,,,"Nordrhein-Westfalen, Germany"
7.309,50.1183,229,Rheinland-Pfalz,Germany,2020/12/12 01:27:11+00,50.1183,7.309,54946,36286,837,17823,,,"Rheinland-Pfalz, Germany"
7.023,49.3964,230,Saarland,Germany,2020/12/12 01:27:11+00,49.3964,7.023,15731,12642,332,2757,,,"Saarland, Germany"
13.2017,51.1045,231,Sachsen,Germany,2020/12/12 01:27:11+00,51.1045,13.2017,81655,52000,1574,28081,,,"Sachsen, Germany"
11.6923,51.9503,232,Sachsen-Anhalt,Germany,2020/12/12 01:27:11+00,51.9503,11.6923,17728,11228,263,6237,,,"Sachsen-Anhalt, Germany"
9.6961,54.2194,233,Schleswig-Holstein,Germany,2020/12/12 01:27:11+00,54.2194,9.6961,17104,13439,283,3382,,,"Schleswig-Holstein, Germany"
10.8453,51.011,234,Thuringen,Germany,2020/12/12 01:27:11+00,51.011,10.8453,23818,16337,497,6984,,,"Thuringen, Germany"
,,235,Unknown,Germany,2020/12/12 01:27:11+00,,,12011,0,0,12011,,,"Unknown, Germany"
-1.0232,7.9465,236,,Ghana,2020/12/12 01:27:11+00,7.9465,-1.0232,52738,51518,326,894,,,Ghana
21.8243,39.0742,237,,Greece,2020/12/12 01:27:11+00,39.0742,21.8243,122648,23074,3472,96102,,,Greece
-61.679,12.1165,238,,Grenada,2020/12/12 01:27:11+00,12.1165,-61.679,43,41,0,2,,,Grenada
-90.2308,15.7835,239,,Guatemala,2020/12/12 01:27:11+00,15.7835,-90.2308,128541,117013,4376,7152,,,Guatemala
-9.6966,9.9456,240,,Guinea,2020/12/12 01:27:11+00,9.9456,-9.6966,13398,12626,79,693,,,Guinea
-15.1804,11.8037,241,,Guinea-Bissau,2020/12/12 01:27:11+00,11.8037,-15.1804,2444,2337,44,63,,,Guinea-Bissau
-58.93018,4.860416,242,,Guyana,2020/12/12 01:27:11+00,4.860416,-58.93018,5839,4944,154,741,,,Guyana
-72.2852,18.9712,243,,Haiti,2020/12/12 01:27:11+00,18.9712,-72.2852,9465,8214,233,1018,,,Haiti
12.4534,41.9029,244,,Holy See,2020/12/12 01:27:11+00,41.9029,12.4534,27,15,0,12,,,Holy See
-86.2419,15.2,245,,Honduras,2020/12/12 01:27:11+00,15.2,-86.2419,113207,50948,2968,59291,,,Honduras
19.5033,47.1625,246,,Hungary,2020/12/12 01:27:11+00,47.1625,19.5033,271200,78700,6622,185878,,,Hungary
-19.0208,64.9631,247,,Iceland,2020/12/12 01:27:11+00,64.9631,-19.0208,5539,5323,28,188,,,Iceland
92.968178,11.225999,248,Andaman and Nicobar Islands,India,2020/12/12 01:27:11+00,11.225999,92.968178,4791,4652,61,78,,,"Andaman and Nicobar Islands, India"
79.74,15.9129,249,Andhra Pradesh,India,2020/12/12 01:27:11+00,15.9129,79.74,873995,861711,7047,5237,,,"Andhra Pradesh, India"
96.384277,27.768456,250,Arunachal Pradesh,India,2020/12/12 01:27:11+00,27.768456,96.384277,16479,15739,55,685,,,"Arunachal Pradesh, India"
92.830441,26.357149,251,Assam,India,2020/12/12 01:27:11+00,26.357149,92.830441,214305,209790,999,3516,,,"Assam, India"
85.60484,25.679658,252,Bihar,India,2020/12/12 01:27:11+00,25.679658,85.60484,240572,233766,1307,5499,,,"Bihar, India"
76.768278,30.733839,253,Chandigarh,India,2020/12/12 01:27:11+00,30.733839,76.768278,18410,17231,298,881,,,"Chandigarh, India"
82.035366,21.264705,254,Chhattisgarh,India,2020/12/12 01:27:11+00,21.264705,82.035366,252638,230238,3054,19346,,,"Chhattisgarh, India"
73.080901,20.194742,255,Dadra and Nagar Haveli and Daman and Diu,India,2020/12/12 01:27:11+00,20.194742,73.080901,3354,3332,2,20,,,"Dadra and Nagar Haveli and Daman and Diu, India"
77.10898,28.646519,256,Delhi,India,2020/12/12 01:27:11+00,28.646519,77.10898,601150,572523,9874,18753,,,"Delhi, India"
74.057396,15.359682,257,Goa,India,2020/12/12 01:27:11+00,15.359682,74.057396,49131,47215,703,1213,,,"Goa, India"
71.590923,22.694884,258,Gujarat,India,2020/12/12 01:27:11+00,22.694884,71.590923,224081,206126,4135,13820,,,"Gujarat, India"
76.332824,29.20004,259,Haryana,India,2020/12/12 01:27:11+00,29.20004,76.332824,249329,235197,2676,11456,,,"Haryana, India"
77.233081,31.927213,260,Himachal Pradesh,India,2020/12/12 01:27:11+00,31.927213,77.233081,47703,39065,773,7865,,,"Himachal Pradesh, India"
76.612638,33.75943,261,Jammu and Kashmir,India,2020/12/12 01:27:11+00,33.75943,76.612638,114773,108150,1775,4848,,,"Jammu and Kashmir, India"
85.557631,23.654536,262,Jharkhand,India,2020/12/12 01:27:11+00,23.654536,85.557631,111003,108320,993,1690,,,"Jharkhand, India"
76.166436,14.70518,263,Karnataka,India,2020/12/12 01:27:11+00,14.70518,76.166436,897801,866664,11912,19225,,,"Karnataka, India"
76.405749,10.450898,264,Kerala,India,2020/12/12 01:27:11+00,10.450898,76.405749,654041,591845,2533,59663,,,"Kerala, India"
77.5771,34.1526,265,Ladakh,India,2020/12/12 01:27:11+00,34.1526,77.5771,9071,8175,122,774,,,"Ladakh, India"
72.1833326,13.6999972,266,Lakshadweep,India,2020/12/12 01:27:11+00,13.6999972,72.1833326,0,0,0,0,,,"Lakshadweep, India"
78.289633,23.541513,267,Madhya Pradesh,India,2020/12/12 01:27:11+00,23.541513,78.289633,219893,203294,3373,13226,,,"Madhya Pradesh, India"
76.108221,19.449759,268,Maharashtra,India,2020/12/12 01:27:11+00,19.449759,76.108221,1868172,1747199,47972,73001,,,"Maharashtra, India"
93.882541,24.738975,269,Manipur,India,2020/12/12 01:27:11+00,24.738975,93.882541,26685,23397,318,2970,,,"Manipur, India"
91.278882,25.536934,270,Meghalaya,India,2020/12/12 01:27:11+00,25.536934,91.278882,12586,11883,123,580,,,"Meghalaya, India"
92.83822,23.309381,271,Mizoram,India,2020/12/12 01:27:11+00,23.309381,92.83822,4008,3800,6,202,,,"Mizoram, India"
94.470302,26.06702,272,Nagaland,India,2020/12/12 01:27:11+00,26.06702,94.470302,11602,10868,68,666,,,"Nagaland, India"
84.418059,20.505428,273,Odisha,India,2020/12/12 01:27:11+00,20.505428,84.418059,322642,317870,1794,2978,,,"Odisha, India"
78.86498,11.882658,274,Puducherry,India,2020/12/12 01:27:11+00,11.882658,78.86498,37363,36372,617,374,,,"Puducherry, India"
75.40879,30.841465,275,Punjab,India,2020/12/12 01:27:11+00,30.841465,75.40879,158556,146126,5007,7423,,,"Punjab, India"
73.847973,26.583423,276,Rajasthan,India,2020/12/12 01:27:11+00,26.583423,73.847973,287219,265689,2500,19030,,,"Rajasthan, India"
88.472712,27.571671,277,Sikkim,India,2020/12/12 01:27:11+00,27.571671,88.472712,5264,4779,118,367,,,"Sikkim, India"
78.400624,11.006091,278,Tamil Nadu,India,2020/12/12 01:27:11+00,11.006091,78.400624,795240,772995,11853,10392,,,"Tamil Nadu, India"
79.0193,18.1124,279,Telangana,India,2020/12/12 01:27:11+00,18.1124,79.0193,276516,267427,1485,7604,,,"Telangana, India"
91.743565,23.746783,280,Tripura,India,2020/12/12 01:27:11+00,23.746783,91.743565,32997,32250,374,373,,,"Tripura, India"
,,281,Unknown,India,2020/12/12 01:27:11+00,,,0,0,0,0,,,"Unknown, India"
80.560982,26.925425,282,Uttar Pradesh,India,2020/12/12 01:27:11+00,26.925425,80.560982,561161,532349,8011,20801,,,"Uttar Pradesh, India"
79.197608,30.156447,283,Uttarakhand,India,2020/12/12 01:27:11+00,30.156447,79.197608,80486,73412,1332,5742,,,"Uttarakhand, India"
87.979803,23.814082,284,West Bengal,India,2020/12/12 01:27:11+00,23.814082,87.979803,513752,481385,8916,23451,,,"West Bengal, India"
113.9213,-0.7893,285,,Indonesia,2020/12/12 01:27:11+00,-0.7893,113.9213,605243,496886,18511,89846,,,Indonesia
53.688046,32.427908,286,,Iran,2020/12/12 01:27:11+00,32.427908,53.688046,1092407,787853,51727,252827,,,Iran
43.679291,33.223191,287,,Iraq,2020/12/12 01:27:11+00,33.223191,43.679291,572600,503897,12549,56154,,,Iraq
-7.6921,53.1424,288,,Ireland,2020/12/12 01:27:11+00,53.1424,-7.6921,75507,23364,2120,50023,,,Ireland
34.851612,31.046051,289,,Israel,2020/12/12 01:27:11+00,31.046051,34.851612,353269,333900,2969,16400,,,Israel
13.3984382300001,42.35122196,290,Abruzzo,Italy,2020/12/12 01:27:11+00,42.35122196,13.39843823,31463,14947,1017,15499,,,"Abruzzo, Italy"
15.8051483400001,40.63947052,291,Basilicata,Italy,2020/12/12 01:27:11+00,40.63947052,15.80514834,9290,2864,195,6231,,,"Basilicata, Italy"
16.5944019400001,38.9059759800001,292,Calabria,Italy,2020/12/12 01:27:11+00,38.90597598,16.59440194,19333,9538,379,9416,,,"Calabria, Italy"
14.2508498400001,40.83956555,293,Campania,Italy,2020/12/12 01:27:11+00,40.83956555,14.25084984,171332,74624,2228,94480,,,"Campania, Italy"
11.3417208,44.49436681,294,Emilia-Romagna,Italy,2020/12/12 01:27:11+00,44.49436681,11.3417208,141010,70508,6447,64055,,,"Emilia-Romagna, Italy"
13.7681364900001,45.6494354,295,Friuli Venezia Giulia,Italy,2020/12/12 01:27:11+00,45.6494354,13.76813649,38632,23210,1187,14235,,,"Friuli Venezia Giulia, Italy"
12.48366722,41.89277044,296,Lazio,Italy,2020/12/12 01:27:11+00,41.89277044,12.48366722,137143,46080,2870,88193,,,"Lazio, Italy"
8.9326992,44.4114931500001,297,Liguria,Italy,2020/12/12 01:27:11+00,44.41149315,8.9326992,55024,43632,2627,8765,,,"Liguria, Italy"
9.19034740400002,45.4667940900001,298,Lombardia,Italy,2020/12/12 01:27:11+00,45.46679409,9.190347404,438591,327561,23581,87449,,,"Lombardia, Italy"
13.5188753,43.6167597300001,299,Marche,Italy,2020/12/12 01:27:11+00,43.61675973,13.5188753,33866,19374,1379,13113,,,"Marche, Italy"
14.65916051,41.55774754,300,Molise,Italy,2020/12/12 01:27:11+00,41.55774754,14.65916051,5490,2720,152,2618,,,"Molise, Italy"
11.3566242200001,46.4993345300001,301,P.A. Bolzano,Italy,2020/12/12 01:27:11+00,46.49933453,11.35662422,26283,15003,629,10651,,,"P.A. Bolzano, Italy"
11.1212309700001,46.06893511,302,P.A. Trento,Italy,2020/12/12 01:27:11+00,46.06893511,11.12123097,17976,14783,754,2439,,,"P.A. Trento, Italy"
7.68068748300004,45.0732745,303,Piemonte,Italy,2020/12/12 01:27:11+00,45.0732745,7.680687483,183084,116100,6993,59991,,,"Piemonte, Italy"
16.86736689,41.1255957600001,304,Puglia,Italy,2020/12/12 01:27:11+00,41.12559576,16.86736689,70319,18460,1868,49991,,,"Puglia, Italy"
9.11061630600005,39.21531192,305,Sardegna,Italy,2020/12/12 01:27:11+00,39.21531192,9.110616306,25477,9849,563,15065,,,"Sardegna, Italy"
13.3623567,38.11569725,306,Sicilia,Italy,2020/12/12 01:27:11+00,38.11569725,13.3623567,76366,38033,1923,36410,,,"Sicilia, Italy"
11.2558888500001,43.76923077,307,Toscana,Italy,2020/12/12 01:27:11+00,43.76923077,11.25588885,111097,87191,3082,20824,,,"Toscana, Italy"
12.3882469800001,43.1067584100001,308,Umbria,Italy,2020/12/12 01:27:11+00,43.10675841,12.38824698,25834,20238,507,5089,,,"Umbria, Italy"
7.32014936600007,45.7375028600001,309,Valle d'Aosta,Italy,2020/12/12 01:27:11+00,45.73750286,7.320149366,6812,5749,347,716,,,"Valle d'Aosta, Italy"
12.3384521300001,45.4349048500001,310,Veneto,Italy,2020/12/12 01:27:11+00,45.43490485,12.33845213,181451,91699,4659,85093,,,"Veneto, Italy"
-77.2975,18.1096,311,,Jamaica,2020/12/12 01:27:11+00,18.1096,-77.2975,11509,7667,270,3572,,,Jamaica
137.211621,35.035551,312,Aichi,Japan,2020/12/12 01:27:11+00,35.035551,137.211621,12332,9717,127,2488,,,"Aichi, Japan"
140.408228,39.748679,313,Akita,Japan,2020/12/12 01:27:11+00,39.748679,140.408228,90,89,1,0,,,"Akita, Japan"
140.828896,40.781541,314,Aomori,Japan,2020/12/12 01:27:11+00,40.781541,140.828896,364,291,6,67,,,"Aomori, Japan"
140.198917,35.510141,315,Chiba,Japan,2020/12/12 01:27:11+00,35.510141,140.198917,7961,6891,96,974,,,"Chiba, Japan"
132.856842,33.624835,316,Ehime,Japan,2020/12/12 01:27:11+00,33.624835,132.856842,356,278,8,70,,,"Ehime, Japan"
136.224654,35.846614,317,Fukui,Japan,2020/12/12 01:27:11+00,35.846614,136.224654,331,302,11,18,,,"Fukui, Japan"
130.666949,33.526032,318,Fukuoka,Japan,2020/12/12 01:27:11+00,33.526032,130.666949,6461,5748,108,605,,,"Fukuoka, Japan"
140.223295,37.378867,319,Fukushima,Japan,2020/12/12 01:27:11+00,37.378867,140.223295,582,486,9,87,,,"Fukushima, Japan"
137.055925,35.778671,320,Gifu,Japan,2020/12/12 01:27:11+00,35.778671,137.055925,1406,1074,20,312,,,"Gifu, Japan"
138.985605,36.504479,321,Gunma,Japan,2020/12/12 01:27:11+00,36.504479,138.985605,1572,1176,22,374,,,"Gunma, Japan"
132.788719,34.605309,322,Hiroshima,Japan,2020/12/12 01:27:11+00,34.605309,132.788719,1434,857,7,570,,,"Hiroshima, Japan"
142.552318,43.385711,323,Hokkaido,Japan,2020/12/12 01:27:11+00,43.385711,142.552318,10971,8025,289,2657,,,"Hokkaido, Japan"
134.828057,35.039913,324,Hyogo,Japan,2020/12/12 01:27:11+00,35.039913,134.828057,7108,5918,99,1091,,,"Hyogo, Japan"
140.319591,36.303588,325,Ibaraki,Japan,2020/12/12 01:27:11+00,36.303588,140.319591,1935,1546,27,362,,,"Ibaraki, Japan"
136.771027,36.769464,326,Ishikawa,Japan,2020/12/12 01:27:11+00,36.769464,136.771027,899,806,51,42,,,"Ishikawa, Japan"
141.361777,39.593287,327,Iwate,Japan,2020/12/12 01:27:11+00,39.593287,141.361777,252,168,8,76,,,"Iwate, Japan"
133.969047,34.217292,328,Kagawa,Japan,2020/12/12 01:27:11+00,34.217292,133.969047,199,136,3,60,,,"Kagawa, Japan"
130.430665,31.009484,329,Kagoshima,Japan,2020/12/12 01:27:11+00,31.009484,130.430665,796,621,15,160,,,"Kagoshima, Japan"
139.338983,35.415312,330,Kanagawa,Japan,2020/12/12 01:27:11+00,35.415312,139.338983,14627,12662,219,1746,,,"Kanagawa, Japan"
133.367307,33.422519,331,Kochi,Japan,2020/12/12 01:27:11+00,33.422519,133.367307,312,168,4,140,,,"Kochi, Japan"
130.745231,32.608154,332,Kumamoto,Japan,2020/12/12 01:27:11+00,32.608154,130.745231,1195,1012,14,169,,,"Kumamoto, Japan"
135.443341,35.253815,333,Kyoto,Japan,2020/12/12 01:27:11+00,35.253815,135.443341,3133,2622,40,471,,,"Kyoto, Japan"
136.376013,34.508018,334,Mie,Japan,2020/12/12 01:27:11+00,34.508018,136.376013,1027,817,10,200,,,"Mie, Japan"
140.927086,38.446859,335,Miyagi,Japan,2020/12/12 01:27:11+00,38.446859,140.927086,1464,1185,11,268,,,"Miyagi, Japan"
131.299374,32.193204,336,Miyazaki,Japan,2020/12/12 01:27:11+00,32.193204,131.299374,583,485,4,94,,,"Miyazaki, Japan"
138.045528,36.132134,337,Nagano,Japan,2020/12/12 01:27:11+00,36.132134,138.045528,908,729,6,173,,,"Nagano, Japan"
129.608033,33.235712,338,Nagasaki,Japan,2020/12/12 01:27:11+00,33.235712,129.608033,297,265,3,29,,,"Nagasaki, Japan"
135.871644,34.317451,339,Nara,Japan,2020/12/12 01:27:11+00,34.317451,135.871644,1412,1142,12,258,,,"Nara, Japan"
138.918647,37.521819,340,Niigata,Japan,2020/12/12 01:27:11+00,37.521819,138.918647,380,294,1,85,,,"Niigata, Japan"
131.43324,33.200697,341,Oita,Japan,2020/12/12 01:27:11+00,33.200697,131.43324,490,300,3,187,,,"Oita, Japan"
133.826252,34.89246,342,Okayama,Japan,2020/12/12 01:27:11+00,34.89246,133.826252,718,562,11,145,,,"Okayama, Japan"
126.668016,25.768923,343,Okinawa,Japan,2020/12/12 01:27:11+00,25.768923,126.668016,4739,4247,78,414,,,"Okinawa, Japan"
135.507481,34.620965,344,Osaka,Japan,2020/12/12 01:27:11+00,34.620965,135.507481,24193,19065,355,4773,,,"Osaka, Japan"
,,345,Port Quarantine,Japan,2020/12/12 01:27:11+00,,,1653,1508,1,144,,,"Port Quarantine, Japan"
130.115738,33.286977,346,Saga,Japan,2020/12/12 01:27:11+00,33.286977,130.115738,369,311,3,55,,,"Saga, Japan"
139.347635,35.997101,347,Saitama,Japan,2020/12/12 01:27:11+00,35.997101,139.347635,10112,8087,167,1858,,,"Saitama, Japan"
136.138064,35.215827,348,Shiga,Japan,2020/12/12 01:27:11+00,35.215827,136.138064,852,770,11,71,,,"Shiga, Japan"
132.554064,35.07076,349,Shimane,Japan,2020/12/12 01:27:11+00,35.07076,132.554064,165,148,0,17,,,"Shimane, Japan"
138.407784,34.916975,350,Shizuoka,Japan,2020/12/12 01:27:11+00,34.916975,138.407784,2110,1402,18,690,,,"Shizuoka, Japan"
139.819213,36.689912,351,Tochigi,Japan,2020/12/12 01:27:11+00,36.689912,139.819213,839,615,3,221,,,"Tochigi, Japan"
134.242091,33.919178,352,Tokushima,Japan,2020/12/12 01:27:11+00,33.919178,134.242091,187,173,10,4,,,"Tokushima, Japan"
139.446921,35.711343,353,Tokyo,Japan,2020/12/12 01:27:11+00,35.711343,139.446921,46173,40375,510,5288,,,"Tokyo, Japan"
133.863619,35.359069,354,Tottori,Japan,2020/12/12 01:27:11+00,35.359069,133.863619,67,56,0,11,,,"Tottori, Japan"
137.269346,36.637464,355,Toyama,Japan,2020/12/12 01:27:11+00,36.637464,137.269346,470,430,26,14,,,"Toyama, Japan"
,,356,Unknown,Japan,2020/12/12 01:27:11+00,,,8,8,0,0,,,"Unknown, Japan"
135.505446,33.911879,357,Wakayama,Japan,2020/12/12 01:27:11+00,33.911879,135.505446,545,445,7,93,,,"Wakayama, Japan"
140.102154,38.448396,358,Yamagata,Japan,2020/12/12 01:27:11+00,38.448396,140.102154,218,138,1,79,,,"Yamagata, Japan"
131.573293,34.20119,359,Yamaguchi,Japan,2020/12/12 01:27:11+00,34.20119,131.573293,429,367,2,60,,,"Yamaguchi, Japan"
138.611489,35.612364,360,Yamanashi,Japan,2020/12/12 01:27:11+00,35.612364,138.611489,446,341,8,97,,,"Yamanashi, Japan"
36.51,31.24,361,,Jordan,2020/12/12 01:27:11+00,31.24,36.51,255459,209746,3286,42427,,,Jordan
66.9237,48.0196,362,,Kazakhstan,2020/12/12 01:27:11+00,48.0196,66.9237,183630,155338,2550,25742,,,Kazakhstan
37.9062,-0.0236,363,,Kenya,2020/12/12 01:27:11+00,-0.0236,37.9062,90978,71579,1582,17817,,,Kenya
127.766922,35.907757,364,,"Korea, South",2020/12/12 01:27:11+00,35.907757,127.766922,40786,31157,572,9057,,,"Korea, South"
20.902977,42.602636,365,,Kosovo,2020/12/12 01:27:11+00,42.602636,20.902977,45594,32498,1174,11922,,,Kosovo
47.481766,29.31166,366,,Kuwait,2020/12/12 01:27:11+00,29.31166,47.481766,145789,141569,910,3310,,,Kuwait
74.766098,41.20438,367,,Kyrgyzstan,2020/12/12 01:27:11+00,41.20438,74.766098,76718,69341,1307,6070,,,Kyrgyzstan
102.495496,19.85627,368,,Laos,2020/12/12 01:27:11+00,19.85627,102.495496,41,33,0,8,,,Laos
24.6032,56.8796,369,,Latvia,2020/12/12 01:27:11+00,56.8796,24.6032,24386,1866,319,22201,,,Latvia
35.8623,33.8547,370,,Lebanon,2020/12/12 01:27:11+00,33.8547,35.8623,143705,97647,1182,44876,,,Lebanon
28.2336,-29.61,371,,Lesotho,2020/12/12 01:27:11+00,-29.61,28.2336,2214,1302,44,868,,,Lesotho
-9.429499,6.428055,372,,Liberia,2020/12/12 01:27:11+00,6.428055,-9.429499,1676,1358,83,235,,,Liberia
17.228331,26.3351,373,,Libya,2020/12/12 01:27:11+00,26.3351,17.228331,89880,59839,1278,28763,,,Libya
9.55,47.14,374,,Liechtenstein,2020/12/12 01:27:11+00,47.14,9.55,1466,1296,20,150,,,Liechtenstein
23.8813,55.1694,375,,Lithuania,2020/12/12 01:27:11+00,55.1694,23.8813,86949,36168,764,50017,,,Lithuania
6.1296,49.8153,376,,Luxembourg,2020/12/12 01:27:11+00,49.8153,6.1296,40755,31678,392,8685,,,Luxembourg
,,377,,MS Zaandam,2020/12/12 01:27:11+00,,,9,7,2,0,,,MS Zaandam
46.869107,-18.766947,378,,Madagascar,2020/12/12 01:27:11+00,-18.766947,46.869107,17473,16927,255,291,,,Madagascar
34.3015,-13.2543,379,,Malawi,2020/12/12 01:27:11+00,-13.2543,34.3015,6055,5490,186,379,,,Malawi
101.975766,4.210484,380,,Malaysia,2020/12/12 01:27:11+00,4.210484,101.975766,80309,67173,402,12734,,,Malaysia
73.2207,3.2028,381,,Maldives,2020/12/12 01:27:11+00,3.2028,73.2207,13326,12640,48,638,,,Maldives
-3.996166,17.570692,382,,Mali,2020/12/12 01:27:11+00,17.570692,-3.996166,5649,3537,185,1927,,,Mali
14.3754,35.9375,383,,Malta,2020/12/12 01:27:11+00,35.9375,14.3754,10980,8935,166,1879,,,Malta
171.1845,7.1315,384,,Marshall Islands,2020/12/12 01:27:11+00,7.1315,171.1845,4,4,0,0,,,Marshall Islands
-10.9408,21.0079,385,,Mauritania,2020/12/12 01:27:11+00,21.0079,-10.9408,10501,7957,210,2334,,,Mauritania
57.552152,-20.348404,386,,Mauritius,2020/12/12 01:27:11+00,-20.348404,57.552152,515,478,10,27,,,Mauritius
-102.2916,21.8853,387,Aguascalientes,Mexico,2020/12/12 01:27:11+00,21.8853,-102.2916,15252,0,1200,14052,,,"Aguascalientes, Mexico"
-115.2838,30.8406,388,Baja California,Mexico,2020/12/12 01:27:11+00,30.8406,-115.2838,29198,0,4662,24536,,,"Baja California, Mexico"
-111.6661,26.0444,389,Baja California Sur,Mexico,2020/12/12 01:27:11+00,26.0444,-111.6661,15420,0,703,14717,,,"Baja California Sur, Mexico"
-90.5349,19.8301,390,Campeche,Mexico,2020/12/12 01:27:11+00,19.8301,-90.5349,6932,0,942,5990,,,"Campeche, Mexico"
-93.1292,16.7569,391,Chiapas,Mexico,2020/12/12 01:27:11+00,16.7569,-93.1292,7889,0,1176,6713,,,"Chiapas, Mexico"
-106.0691,28.633,392,Chihuahua,Mexico,2020/12/12 01:27:11+00,28.633,-106.0691,32880,0,4003,28877,,,"Chihuahua, Mexico"
-99.1332,19.4326,393,Ciudad de Mexico,Mexico,2020/12/12 01:27:11+00,19.4326,-99.1332,248976,0,14403,234573,,,"Ciudad de Mexico, Mexico"
-101.7068,27.0587,394,Coahuila,Mexico,2020/12/12 01:27:11+00,27.0587,-101.7068,44282,0,3661,40621,,,"Coahuila, Mexico"
-104.0072,19.1223,395,Colima,Mexico,2020/12/12 01:27:11+00,19.1223,-104.0072,7456,0,767,6689,,,"Colima, Mexico"
-104.6588,24.5593,396,Durango,Mexico,2020/12/12 01:27:11+00,24.5593,-104.6588,22899,0,1371,21528,,,"Durango, Mexico"
-101.2574,21.019,397,Guanajuato,Mexico,2020/12/12 01:27:11+00,21.019,-101.2574,69826,0,4405,65421,,,"Guanajuato, Mexico"
-99.5451,17.4392,398,Guerrero,Mexico,2020/12/12 01:27:11+00,17.4392,-99.5451,24417,0,2549,21868,,,"Guerrero, Mexico"
-98.7624,20.0911,399,Hidalgo,Mexico,2020/12/12 01:27:11+00,20.0911,-98.7624,20834,0,2921,17913,,,"Hidalgo, Mexico"
-103.3494,20.6595,400,Jalisco,Mexico,2020/12/12 01:27:11+00,20.6595,-103.3494,44832,0,5139,39693,,,"Jalisco, Mexico"
-99.7233,19.4969,401,Mexico,Mexico,2020/12/12 01:27:11+00,19.4969,-99.7233,121562,0,16517,105045,,,"Mexico, Mexico"
-101.7068,19.5665,402,Michoacan,Mexico,2020/12/12 01:27:11+00,19.5665,-101.7068,29765,0,2446,27319,,,"Michoacan, Mexico"
-99.1013,18.6813,403,Morelos,Mexico,2020/12/12 01:27:11+00,18.6813,-99.1013,8482,0,1338,7144,,,"Morelos, Mexico"
-104.8455,21.7514,404,Nayarit,Mexico,2020/12/12 01:27:11+00,21.7514,-104.8455,7433,0,971,6462,,,"Nayarit, Mexico"
-99.9962,25.5922,405,Nuevo Leon,Mexico,2020/12/12 01:27:11+00,25.5922,-99.9962,71981,0,4765,67216,,,"Nuevo Leon, Mexico"
-96.7266,17.0732,406,Oaxaca,Mexico,2020/12/12 01:27:11+00,17.0732,-96.7266,25671,0,1995,23676,,,"Oaxaca, Mexico"
-98.2063,19.0414,407,Puebla,Mexico,2020/12/12 01:27:11+00,19.0414,-98.2063,41915,0,5314,36601,,,"Puebla, Mexico"
-100.3899,20.5888,408,Queretaro,Mexico,2020/12/12 01:27:11+00,20.5888,-100.3899,25852,0,1560,24292,,,"Queretaro, Mexico"
-88.4791,19.1817,409,Quintana Roo,Mexico,2020/12/12 01:27:11+00,19.1817,-88.4791,14878,0,1968,12910,,,"Quintana Roo, Mexico"
-100.9855,22.1565,410,San Luis Potosi,Mexico,2020/12/12 01:27:11+00,22.1565,-100.9855,36729,0,2739,33990,,,"San Luis Potosi, Mexico"
-107.4795,25.1721,411,Sinaloa,Mexico,2020/12/12 01:27:11+00,25.1721,-107.4795,25189,0,4071,21118,,,"Sinaloa, Mexico"
-110.3309,29.2972,412,Sonora,Mexico,2020/12/12 01:27:11+00,29.2972,-110.3309,46384,0,3622,42762,,,"Sonora, Mexico"
-92.6189,17.8409,413,Tabasco,Mexico,2020/12/12 01:27:11+00,17.8409,-92.6189,39102,0,3090,36012,,,"Tabasco, Mexico"
-98.8363,24.2669,414,Tamaulipas,Mexico,2020/12/12 01:27:11+00,24.2669,-98.8363,36884,0,3073,33811,,,"Tamaulipas, Mexico"
-98.2404,19.3139,415,Tlaxcala,Mexico,2020/12/12 01:27:11+00,19.3139,-98.2404,9819,0,1307,8512,,,"Tlaxcala, Mexico"
,,416,Unknown,Mexico,2020/12/12 01:27:11+00,,,0,896130,0,-896130,,,"Unknown, Mexico"
-96.1342,19.1738,417,Veracruz,Mexico,2020/12/12 01:27:11+00,19.1738,-96.1342,40785,0,6043,34742,,,"Veracruz, Mexico"
-89.0943,20.7099,418,Yucatan,Mexico,2020/12/12 01:27:11+00,20.7099,-89.0943,24924,0,2082,22842,,,"Yucatan, Mexico"
-102.5832,22.7709,419,Zacatecas,Mexico,2020/12/12 01:27:11+00,22.7709,-102.5832,18678,0,1523,17155,,,"Zacatecas, Mexico"
28.3699,47.4116,420,,Moldova,2020/12/12 01:27:11+00,47.4116,28.3699,124264,106471,2521,15272,,,Moldova
7.4167,43.7333,421,,Monaco,2020/12/12 01:27:11+00,43.7333,7.4167,659,594,3,62,,,Monaco
103.8467,46.8625,422,,Mongolia,2020/12/12 01:27:11+00,46.8625,103.8467,905,384,0,521,,,Mongolia
19.37439,42.708678,423,,Montenegro,2020/12/12 01:27:11+00,42.708678,19.37439,40546,29462,569,10515,,,Montenegro
-7.0926,31.7917,424,,Morocco,2020/12/12 01:27:11+00,31.7917,-7.0926,394564,349821,6542,38201,,,Morocco
35.529562,-18.665695,425,,Mozambique,2020/12/12 01:27:11+00,-18.665695,35.529562,16680,14793,139,1748,,,Mozambique
18.4904,-22.9576,426,,Namibia,2020/12/12 01:27:11+00,-22.9576,18.4904,16097,14332,160,1605,,,Namibia
84.25,28.1667,427,,Nepal,2020/12/12 01:27:11+00,28.1667,84.25,246694,232872,1674,12148,,,Nepal
-69.9683,12.5211,428,Aruba,Netherlands,2020/12/12 01:27:11+00,12.5211,-69.9683,5031,4879,46,106,,,"Aruba, Netherlands"
-68.2385,12.1784,429,"Bonaire, Sint Eustatius and Saba",Netherlands,2020/12/12 01:27:11+00,12.1784,-68.2385,172,160,3,9,,,"Bonaire, Sint Eustatius and Saba, Netherlands"
-68.99,12.1696,430,Curacao,Netherlands,2020/12/12 01:27:11+00,12.1696,-68.99,3501,1638,10,1853,,,"Curacao, Netherlands"
6.618435,52.862485,431,Drenthe,Netherlands,2020/12/12 01:27:11+00,52.862485,6.618435,8829,0,117,8712,,,"Drenthe, Netherlands"
5.515162,52.550383,432,Flevoland,Netherlands,2020/12/12 01:27:11+00,52.550383,5.515162,13222,0,149,13073,,,"Flevoland, Netherlands"
5.7925,53.087337,433,Friesland,Netherlands,2020/12/12 01:27:11+00,53.087337,5.7925,10128,0,143,9985,,,"Friesland, Netherlands"
5.939114,52.061738,434,Gelderland,Netherlands,2020/12/12 01:27:11+00,52.061738,5.939114,61215,0,1119,60096,,,"Gelderland, Netherlands"
6.741514,53.217922,435,Groningen,Netherlands,2020/12/12 01:27:11+00,53.217922,6.741514,10125,0,58,10067,,,"Groningen, Netherlands"
5.93387,51.209227,436,Limburg,Netherlands,2020/12/12 01:27:11+00,51.209227,5.93387,30411,0,914,29497,,,"Limburg, Netherlands"
5.184942,51.561174,437,Noord-Brabant,Netherlands,2020/12/12 01:27:11+00,51.561174,5.184942,94581,0,2136,92445,,,"Noord-Brabant, Netherlands"
4.918688,52.600906,438,Noord-Holland,Netherlands,2020/12/12 01:27:11+00,52.600906,4.918688,105492,0,1385,104107,,,"Noord-Holland, Netherlands"
6.441722,52.444558,439,Overijssel,Netherlands,2020/12/12 01:27:11+00,52.444558,6.441722,36561,0,572,35989,,,"Overijssel, Netherlands"
-63.0548,18.0425,440,Sint Maarten,Netherlands,2020/12/12 01:27:11+00,18.0425,-63.0548,1201,1058,26,117,,,"Sint Maarten, Netherlands"
,,441,Unknown,Netherlands,2020/12/12 01:27:11+00,,,3181,0,32,3149,,,"Unknown, Netherlands"
5.163824,52.084251,442,Utrecht,Netherlands,2020/12/12 01:27:11+00,52.084251,5.163824,50466,0,745,49721,,,"Utrecht, Netherlands"
3.861559,51.47936,443,Zeeland,Netherlands,2020/12/12 01:27:11+00,51.47936,3.861559,7284,0,105,7179,,,"Zeeland, Netherlands"
4.462114,51.937835,444,Zuid-Holland,Netherlands,2020/12/12 01:27:11+00,51.937835,4.462114,163028,0,2491,160537,,,"Zuid-Holland, Netherlands"
174.886,-40.9006,445,,New Zealand,2020/12/12 01:27:11+00,-40.9006,174.886,2092,2010,25,57,,,New Zealand
-85.207229,12.865416,446,,Nicaragua,2020/12/12 01:27:11+00,12.865416,-85.207229,5887,4225,162,1500,,,Nicaragua
8.081666,17.607789,447,,Niger,2020/12/12 01:27:11+00,17.607789,8.081666,2160,1269,80,811,,,Niger
8.6753,9.082,448,,Nigeria,2020/12/12 01:27:11+00,9.082,8.6753,72140,65722,1190,5228,,,Nigeria
21.7453,41.6086,449,,North Macedonia,2020/12/12 01:27:11+00,41.6086,21.7453,72044,48170,2077,21797,,,North Macedonia
8.4689,60.472,450,,Norway,2020/12/12 01:27:11+00,60.472,8.4689,40439,17998,387,22054,,,Norway
55.923255,21.512583,451,,Oman,2020/12/12 01:27:11+00,21.512583,55.923255,125669,117327,1463,6879,,,Oman
73.947253,34.027401,452,Azad Jammu and Kashmir,Pakistan,2020/12/12 01:27:11+00,34.027401,73.947253,7578,6008,186,1384,,,"Azad Jammu and Kashmir, Pakistan"
65.898403,28.328492,453,Balochistan,Pakistan,2020/12/12 01:27:11+00,28.328492,65.898403,17650,16960,173,517,,,"Balochistan, Pakistan"
74.982138,35.792146,454,Gilgit-Baltistan,Pakistan,2020/12/12 01:27:11+00,35.792146,74.982138,4770,4539,98,133,,,"Gilgit-Baltistan, Pakistan"
73.121219,33.665087,455,Islamabad,Pakistan,2020/12/12 01:27:11+00,33.665087,73.121219,34014,27205,353,6456,,,"Islamabad, Pakistan"
72.09169,34.485332,456,Khyber Pakhtunkhwa,Pakistan,2020/12/12 01:27:11+00,34.485332,72.09169,51172,45129,1450,4593,,,"Khyber Pakhtunkhwa, Pakistan"
72.139132,30.811346,457,Punjab,Pakistan,2020/12/12 01:27:11+00,30.811346,72.139132,125897,114647,3284,7966,,,"Punjab, Pakistan"
68.776807,26.009446,458,Sindh,Pakistan,2020/12/12 01:27:11+00,26.009446,68.776807,191246,164604,3109,23533,,,"Sindh, Pakistan"
-80.7821,8.538,459,,Panama,2020/12/12 01:27:11+00,8.538,-80.7821,187779,159070,3309,25400,,,Panama
143.95555,-6.314993,460,,Papua New Guinea,2020/12/12 01:27:11+00,-6.314993,143.95555,720,601,8,111,,,Papua New Guinea
-58.4438,-23.4425,461,,Paraguay,2020/12/12 01:27:11+00,-23.4425,-58.4438,92113,65176,1927,25010,,,Paraguay
-78.050172,-5.077253,462,Amazonas,Peru,2020/12/12 01:27:11+00,-5.077253,-78.050172,18173,0,244,17929,,,"Amazonas, Peru"
-77.671795,-9.407125,463,Ancash,Peru,2020/12/12 01:27:11+00,-9.407125,-77.671795,29336,0,1453,27883,,,"Ancash, Peru"
-72.975378,-14.027713,464,Apurimac,Peru,2020/12/12 01:27:11+00,-14.027713,-72.975378,6834,0,145,6689,,,"Apurimac, Peru"
-72.475539,-15.843524,465,Arequipa,Peru,2020/12/12 01:27:11+00,-15.843524,-72.475539,46910,0,1552,45358,,,"Arequipa, Peru"
-74.08344,-14.091648,466,Ayacucho,Peru,2020/12/12 01:27:11+00,-14.091648,-74.08344,14803,0,362,14441,,,"Ayacucho, Peru"
-78.745596,-6.430284,467,Cajamarca,Peru,2020/12/12 01:27:11+00,-6.430284,-78.745596,24311,0,580,23731,,,"Cajamarca, Peru"
-77.136042,-11.954609,468,Callao,Peru,2020/12/12 01:27:11+00,-11.954609,-77.136042,41653,0,1928,39725,,,"Callao, Peru"
-72.153609,-13.191068,469,Cusco,Peru,2020/12/12 01:27:11+00,-13.191068,-72.153609,24416,0,512,23904,,,"Cusco, Peru"
-75.00277,-13.023888,470,Huancavelica,Peru,2020/12/12 01:27:11+00,-13.023888,-75.00277,7752,0,137,7615,,,"Huancavelica, Peru"
-76.040642,-9.421676,471,Huanuco,Peru,2020/12/12 01:27:11+00,-9.421676,-76.040642,19539,0,461,19078,,,"Huanuco, Peru"
-75.574821,-14.235097,472,Ica,Peru,2020/12/12 01:27:11+00,-14.235097,-75.574821,31311,0,1740,29571,,,"Ica, Peru"
-74.876968,-11.541783,473,Junin,Peru,2020/12/12 01:27:11+00,-11.541783,-74.876968,26184,0,922,25262,,,"Junin, Peru"
-78.370238,-7.92139,474,La Libertad,Peru,2020/12/12 01:27:11+00,-7.92139,-78.370238,36096,0,2405,33691,,,"La Libertad, Peru"
-79.824113,-6.353049,475,Lambayeque,Peru,2020/12/12 01:27:11+00,-6.353049,-79.824113,31712,0,1878,29834,,,"Lambayeque, Peru"
-76.604498,-11.766533,476,Lima,Peru,2020/12/12 01:27:11+00,-11.766533,-76.604498,435479,0,16335,419144,,,"Lima, Peru"
-74.424115,-4.124847,477,Loreto,Peru,2020/12/12 01:27:11+00,-4.124847,-74.424115,25231,0,995,24236,,,"Loreto, Peru"
-70.53172,-11.972699,478,Madre de Dios,Peru,2020/12/12 01:27:11+00,-11.972699,-70.53172,9345,0,151,9194,,,"Madre de Dios, Peru"
-70.839046,-16.860271,479,Moquegua,Peru,2020/12/12 01:27:11+00,-16.860271,-70.839046,15563,0,292,15271,,,"Moquegua, Peru"
-75.307635,-10.39655,480,Pasco,Peru,2020/12/12 01:27:11+00,-10.39655,-75.307635,6343,0,127,6216,,,"Pasco, Peru"
-80.335861,-5.133361,481,Piura,Peru,2020/12/12 01:27:11+00,-5.133361,-80.335861,41522,0,2154,39368,,,"Piura, Peru"
-69.922726,-14.995827,482,Puno,Peru,2020/12/12 01:27:11+00,-14.995827,-69.922726,18769,0,377,18392,,,"Puno, Peru"
-76.729127,-7.039531,483,San Martin,Peru,2020/12/12 01:27:11+00,-7.039531,-76.729127,24643,0,783,23860,,,"San Martin, Peru"
-70.27756,-17.644161,484,Tacna,Peru,2020/12/12 01:27:11+00,-17.644161,-70.27756,14277,0,255,14022,,,"Tacna, Peru"
-80.545255,-3.857496,485,Tumbes,Peru,2020/12/12 01:27:11+00,-3.857496,-80.545255,9248,0,333,8915,,,"Tumbes, Peru"
-73.444929,-9.621718,486,Ucayali,Peru,2020/12/12 01:27:11+00,-9.621718,-73.444929,19661,0,378,19283,,,"Ucayali, Peru"
,,487,Unknown,Peru,2020/12/12 01:27:11+00,,,0,914600,0,-914600,,,"Unknown, Peru"
121.774017,12.879721,488,,Philippines,2020/12/12 01:27:11+00,12.879721,121.774017,447039,409329,8709,29001,,,Philippines
19.1451,51.9194,489,,Poland,2020/12/12 01:27:11+00,51.9194,19.1451,1115201,815356,22174,277671,,,Poland
-8.2245,39.3999,490,,Portugal,2020/12/12 01:27:11+00,39.3999,-8.2245,340287,263648,5373,71266,,,Portugal
51.1839,25.3548,491,,Qatar,2020/12/12 01:27:11+00,25.3548,51.1839,140680,138194,240,2246,,,Qatar
24.9668,45.9432,492,,Romania,2020/12/12 01:27:11+00,45.9432,24.9668,545567,443168,13116,89283,,,Romania
40.1520421,44.6939006,493,Adygea Republic,Russia,2020/12/12 01:27:11+00,44.6939006,40.1520421,9133,7265,71,1797,,,"Adygea Republic, Russia"
82.6931424,52.6932243,494,Altai Krai,Russia,2020/12/12 01:27:11+00,52.6932243,82.6931424,28579,26453,669,1457,,,"Altai Krai, Russia"
86.8572186,50.7114101,495,Altai Republic,Russia,2020/12/12 01:27:11+00,50.7114101,86.8572186,12225,11765,51,409,,,"Altai Republic, Russia"
128.437295,52.8032368,496,Amur Oblast,Russia,2020/12/12 01:27:11+00,52.8032368,128.437295,13014,11570,98,1346,,,"Amur Oblast, Russia"
43.1221646,63.5589686,497,Arkhangelsk Oblast,Russia,2020/12/12 01:27:11+00,63.5589686,43.1221646,35591,26054,375,9162,,,"Arkhangelsk Oblast, Russia"
47.608851,47.1878186,498,Astrakhan Oblast,Russia,2020/12/12 01:27:11+00,47.1878186,47.608851,15440,10900,295,4245,,,"Astrakhan Oblast, Russia"
57.1439682,54.8573563,499,Bashkortostan Republic,Russia,2020/12/12 01:27:11+00,54.8573563,57.1439682,15859,12911,97,2851,,,"Bashkortostan Republic, Russia"
37.5837615,50.7080119,500,Belgorod Oblast,Russia,2020/12/12 01:27:11+00,50.7080119,37.5837615,18160,16263,147,1750,,,"Belgorod Oblast, Russia"
33.415853,52.8873315,501,Bryansk Oblast,Russia,2020/12/12 01:27:11+00,52.8873315,33.415853,19132,16840,161,2131,,,"Bryansk Oblast, Russia"
109.492143,52.7182426,502,Buryatia Republic,Russia,2020/12/12 01:27:11+00,52.7182426,109.492143,21578,19610,496,1472,,,"Buryatia Republic, Russia"
45.6985005,43.3976147,503,Chechen Republic,Russia,2020/12/12 01:27:11+00,43.3976147,45.6985005,5897,2921,82,2894,,,"Chechen Republic, Russia"
61.1865846,54.4223954,504,Chelyabinsk Oblast,Russia,2020/12/12 01:27:11+00,54.4223954,61.1865846,28531,22647,378,5506,,,"Chelyabinsk Oblast, Russia"
169.4900869,66.0006475,505,Chukotka Autonomous Okrug,Russia,2020/12/12 01:27:11+00,66.0006475,169.4900869,429,386,4,39,,,"Chukotka Autonomous Okrug, Russia"
47.0849429,55.4259922,506,Chuvashia Republic,Russia,2020/12/12 01:27:11+00,55.4259922,47.0849429,13916,12539,356,1021,,,"Chuvashia Republic, Russia"
47.1332224,43.0574916,507,Dagestan Republic,Russia,2020/12/12 01:27:11+00,43.0574916,47.1332224,20370,17904,1026,1440,,,"Dagestan Republic, Russia"
45.0171355200001,43.1154207500001,508,Ingushetia Republic,Russia,2020/12/12 01:27:11+00,43.11542075,45.01713552,10392,8875,120,1397,,,"Ingushetia Republic, Russia"
104.719221,56.6370122,509,Irkutsk Oblast,Russia,2020/12/12 01:27:11+00,56.6370122,104.719221,35096,30918,933,3245,,,"Irkutsk Oblast, Russia"
41.4352137,56.9167446,510,Ivanovo Oblast,Russia,2020/12/12 01:27:11+00,56.9167446,41.4352137,17641,12903,337,4401,,,"Ivanovo Oblast, Russia"
132.6630746,48.57527615,511,Jewish Autonomous Okrug,Russia,2020/12/12 01:27:11+00,48.57527615,132.6630746,3276,2194,53,1029,,,"Jewish Autonomous Okrug, Russia"
43.5978976,43.4806048,512,Kabardino-Balkarian Republic,Russia,2020/12/12 01:27:11+00,43.4806048,43.5978976,13797,11415,235,2147,,,"Kabardino-Balkarian Republic, Russia"
21.1489473,54.7293041,513,Kaliningrad Oblast,Russia,2020/12/12 01:27:11+00,54.7293041,21.1489473,13659,10406,132,3121,,,"Kaliningrad Oblast, Russia"
45.3275745,46.2313018,514,Kalmykia Republic,Russia,2020/12/12 01:27:11+00,46.2313018,45.3275745,12708,10439,166,2103,,,"Kalmykia Republic, Russia"
35.5272854,54.4382773,515,Kaluga Oblast,Russia,2020/12/12 01:27:11+00,54.4382773,35.5272854,17674,16591,124,959,,,"Kaluga Oblast, Russia"
160.0383819,57.1914882,516,Kamchatka Krai,Russia,2020/12/12 01:27:11+00,57.1914882,160.0383819,8523,7500,82,941,,,"Kamchatka Krai, Russia"
41.7267991,43.7368326,517,Karachay-Cherkess Republic,Russia,2020/12/12 01:27:11+00,43.7368326,41.7267991,13274,11692,36,1546,,,"Karachay-Cherkess Republic, Russia"
33.4920267,62.6194031,518,Karelia Republic,Russia,2020/12/12 01:27:11+00,62.6194031,33.4920267,20068,12654,123,7291,,,"Karelia Republic, Russia"
87.342861,54.5335781,519,Kemerovo Oblast,Russia,2020/12/12 01:27:11+00,54.5335781,87.342861,22693,19369,418,2906,,,"Kemerovo Oblast, Russia"
136.121524,51.6312684,520,Khabarovsk Krai,Russia,2020/12/12 01:27:11+00,51.6312684,136.121524,28270,22325,176,5769,,,"Khabarovsk Krai, Russia"
91.4429362700001,53.72258845,521,Khakassia Republic,Russia,2020/12/12 01:27:11+00,53.72258845,91.44293627,14053,10727,169,3157,,,"Khakassia Republic, Russia"
69.0982628,61.0259025,522,Khanty-Mansi Autonomous Okrug,Russia,2020/12/12 01:27:11+00,61.0259025,69.0982628,36784,32475,460,3849,,,"Khanty-Mansi Autonomous Okrug, Russia"
49.4074599,57.9665589,523,Kirov Oblast,Russia,2020/12/12 01:27:11+00,57.9665589,49.4074599,20805,14017,208,6580,,,"Kirov Oblast, Russia"
54.3326073,63.9881421,524,Komi Republic,Russia,2020/12/12 01:27:11+00,63.9881421,54.3326073,24511,20907,452,3152,,,"Komi Republic, Russia"
44.2533273,58.424756,525,Kostroma Oblast,Russia,2020/12/12 01:27:11+00,58.424756,44.2533273,12739,9458,200,3081,,,"Kostroma Oblast, Russia"
39.0261044,45.7684014,526,Krasnodar Krai,Russia,2020/12/12 01:27:11+00,45.7684014,39.0261044,24003,16237,684,7082,,,"Krasnodar Krai, Russia"
97.0979974,63.3233807,527,Krasnoyarsk Krai,Russia,2020/12/12 01:27:11+00,63.3233807,97.0979974,39910,32559,1329,6022,,,"Krasnoyarsk Krai, Russia"
64.5632681,55.7655302,528,Kurgan Oblast,Russia,2020/12/12 01:27:11+00,55.7655302,64.5632681,9864,8646,122,1096,,,"Kurgan Oblast, Russia"
36.4852695,51.6568453,529,Kursk Oblast,Russia,2020/12/12 01:27:11+00,51.6568453,36.4852695,17151,15399,234,1518,,,"Kursk Oblast, Russia"
32.3925325,60.1853296,530,Leningrad Oblast,Russia,2020/12/12 01:27:11+00,60.1853296,32.3925325,19299,15947,167,3185,,,"Leningrad Oblast, Russia"
39.1122664,52.6935178,531,Lipetsk Oblast,Russia,2020/12/12 01:27:11+00,52.6935178,39.1122664,12837,10099,162,2576,,,"Lipetsk Oblast, Russia"
153.9903764,62.48858785,532,Magadan Oblast,Russia,2020/12/12 01:27:11+00,62.48858785,153.9903764,6178,5648,57,473,,,"Magadan Oblast, Russia"
47.8817512,56.5767504,533,Mari El Republic,Russia,2020/12/12 01:27:11+00,56.5767504,47.8817512,8138,7246,104,788,,,"Mari El Republic, Russia"
44.4661144,54.4419829,534,Mordovia Republic,Russia,2020/12/12 01:27:11+00,54.4419829,44.4661144,11730,9535,71,2124,,,"Mordovia Republic, Russia"
37.6174943,55.7504461,535,Moscow,Russia,2020/12/12 01:27:11+00,55.7504461,37.6174943,679163,518889,9722,150552,,,"Moscow, Russia"
38.0353929,55.5043158,536,Moscow Oblast,Russia,2020/12/12 01:27:11+00,55.5043158,38.0353929,124984,88329,2407,34248,,,"Moscow Oblast, Russia"
33.9999151,68.0000418,537,Murmansk Oblast,Russia,2020/12/12 01:27:11+00,68.0000418,33.9999151,30571,27733,537,2301,,,"Murmansk Oblast, Russia"
57.1686375,68.2755718500001,538,Nenets Autonomous Okrug,Russia,2020/12/12 01:27:11+00,68.27557185,57.1686375,706,673,0,33,,,"Nenets Autonomous Okrug, Russia"
44.0911594,55.4718033,539,Nizhny Novgorod Oblast,Russia,2020/12/12 01:27:11+00,55.4718033,44.0911594,59831,53386,1335,5110,,,"Nizhny Novgorod Oblast, Russia"
44.6324493,42.7933611,540,North Ossetia - Alania Republic,Russia,2020/12/12 01:27:11+00,42.7933611,44.6324493,10262,8843,81,1338,,,"North Ossetia - Alania Republic, Russia"
32.5169757,58.2843833,541,Novgorod Oblast,Russia,2020/12/12 01:27:11+00,58.2843833,32.5169757,14121,10116,96,3909,,,"Novgorod Oblast, Russia"
79.4813924,54.9720169,542,Novosibirsk Oblast,Russia,2020/12/12 01:27:11+00,54.9720169,79.4813924,24629,20297,820,3512,,,"Novosibirsk Oblast, Russia"
73.5099936,56.0935263,543,Omsk Oblast,Russia,2020/12/12 01:27:11+00,56.0935263,73.5099936,25245,22910,721,1614,,,"Omsk Oblast, Russia"
36.0692477,52.9685433,544,Orel Oblast,Russia,2020/12/12 01:27:11+00,52.9685433,36.0692477,17810,15734,221,1855,,,"Orel Oblast, Russia"
54.7276647,52.0269262,545,Orenburg Oblast,Russia,2020/12/12 01:27:11+00,52.0269262,54.7276647,25167,21856,254,3057,,,"Orenburg Oblast, Russia"
44.7879181,53.1655415,546,Penza Oblast,Russia,2020/12/12 01:27:11+00,53.1655415,44.7879181,22177,18579,269,3329,,,"Penza Oblast, Russia"
56.3159546,58.5951603,547,Perm Krai,Russia,2020/12/12 01:27:11+00,58.5951603,56.3159546,24071,18169,808,5094,,,"Perm Krai, Russia"
134.726645,45.0819456,548,Primorsky Krai,Russia,2020/12/12 01:27:11+00,45.0819456,134.726645,24503,17186,280,7037,,,"Primorsky Krai, Russia"
28.8586826,57.5358729,549,Pskov Oblast,Russia,2020/12/12 01:27:11+00,57.5358729,28.8586826,15615,8012,81,7522,,,"Pskov Oblast, Russia"
40.7957942,47.6222451,550,Rostov Oblast,Russia,2020/12/12 01:27:11+00,47.6222451,40.7957942,43921,35535,1599,6787,,,"Rostov Oblast, Russia"
40.5705246,54.4226732,551,Ryazan Oblast,Russia,2020/12/12 01:27:11+00,54.4226732,40.5705246,15426,13973,106,1347,,,"Ryazan Oblast, Russia"
30.1586551,59.9606739,552,Saint Petersburg,Russia,2020/12/12 01:27:11+00,59.9606739,30.1586551,166942,94188,6178,66576,,,"Saint Petersburg, Russia"
129.642371,66.941626,553,Sakha (Yakutiya) Republic,Russia,2020/12/12 01:27:11+00,66.941626,129.642371,22364,19753,321,2290,,,"Sakha (Yakutiya) Republic, Russia"
143.448533,49.7219665,554,Sakhalin Oblast,Russia,2020/12/12 01:27:11+00,49.7219665,143.448533,12823,9798,10,3015,,,"Sakhalin Oblast, Russia"
50.8914633,53.2128813,555,Samara Oblast,Russia,2020/12/12 01:27:11+00,53.2128813,50.8914633,25343,23154,485,1704,,,"Samara Oblast, Russia"
46.8631952,51.6520555,556,Saratov Oblast,Russia,2020/12/12 01:27:11+00,51.6520555,46.8631952,29982,25415,300,4267,,,"Saratov Oblast, Russia"
33.0192065,55.0343496,557,Smolensk Oblast,Russia,2020/12/12 01:27:11+00,55.0343496,33.0192065,13923,10111,296,3516,,,"Smolensk Oblast, Russia"
43.4406913,44.8632577,558,Stavropol Krai,Russia,2020/12/12 01:27:11+00,44.8632577,43.4406913,30262,26874,615,2773,,,"Stavropol Krai, Russia"
61.8021546,58.6414755,559,Sverdlovsk Oblast,Russia,2020/12/12 01:27:11+00,58.6414755,61.8021546,50570,42831,1179,6560,,,"Sverdlovsk Oblast, Russia"
41.3578918,52.9019574,560,Tambov Oblast,Russia,2020/12/12 01:27:11+00,52.9019574,41.3578918,14661,13143,134,1384,,,"Tambov Oblast, Russia"
52.4310427300001,55.7648572,561,Tatarstan Republic,Russia,2020/12/12 01:27:11+00,55.7648572,52.43104273,11323,9922,161,1240,,,"Tatarstan Republic, Russia"
82.0475315,58.6124279,562,Tomsk Oblast,Russia,2020/12/12 01:27:11+00,58.6124279,82.0475315,20648,15908,190,4550,,,"Tomsk Oblast, Russia"
37.3690909,53.9570701,563,Tula Oblast,Russia,2020/12/12 01:27:11+00,53.9570701,37.3690909,18698,16426,544,1728,,,"Tula Oblast, Russia"
35.1744428,57.1134475,564,Tver Oblast,Russia,2020/12/12 01:27:11+00,57.1134475,35.1744428,17565,12331,410,4824,,,"Tver Oblast, Russia"
70.3658837,58.8206488,565,Tyumen Oblast,Russia,2020/12/12 01:27:11+00,58.8206488,70.3658837,20058,18586,160,1312,,,"Tyumen Oblast, Russia"
93.8582593,51.4017149,566,Tyva Republic,Russia,2020/12/12 01:27:11+00,51.4017149,93.8582593,13448,12320,140,988,,,"Tyva Republic, Russia"
52.6959832,57.1961165,567,Udmurt Republic,Russia,2020/12/12 01:27:11+00,57.1961165,52.6959832,15428,12256,323,2849,,,"Udmurt Republic, Russia"
47.2324921,54.1463177,568,Ulyanovsk Oblast,Russia,2020/12/12 01:27:11+00,54.1463177,47.2324921,30601,27363,405,2833,,,"Ulyanovsk Oblast, Russia"
40.6561633,56.0503336,569,Vladimir Oblast,Russia,2020/12/12 01:27:11+00,56.0503336,40.6561633,14892,13247,368,1277,,,"Vladimir Oblast, Russia"
44.2903582,49.6048339,570,Volgograd Oblast,Russia,2020/12/12 01:27:11+00,49.6048339,44.2903582,29939,28538,359,1042,,,"Volgograd Oblast, Russia"
43.1215213,60.0391461,571,Vologda Oblast,Russia,2020/12/12 01:27:11+00,60.0391461,43.1215213,16148,11755,277,4116,,,"Vologda Oblast, Russia"
40.1506507,50.9800393,572,Voronezh Oblast,Russia,2020/12/12 01:27:11+00,50.9800393,40.1506507,38470,36863,789,818,,,"Voronezh Oblast, Russia"
74.3415488,67.1471631,573,Yamalo-Nenets Autonomous Okrug,Russia,2020/12/12 01:27:11+00,67.1471631,74.3415488,28459,20287,283,7889,,,"Yamalo-Nenets Autonomous Okrug, Russia"
39.0021095,57.7781976,574,Yaroslavl Oblast,Russia,2020/12/12 01:27:11+00,57.7781976,39.0021095,18494,17527,107,860,,,"Yaroslavl Oblast, Russia"
115.956325,52.248521,575,Zabaykalsky Krai,Russia,2020/12/12 01:27:11+00,52.248521,115.956325,22149,19981,339,1829,,,"Zabaykalsky Krai, Russia"
29.8739,-1.9403,576,,Rwanda,2020/12/12 01:27:11+00,-1.9403,29.8739,6428,5826,54,548,,,Rwanda
-62.782998,17.357822,577,,Saint Kitts and Nevis,2020/12/12 01:27:11+00,17.357822,-62.782998,27,23,0,4,,,Saint Kitts and Nevis
-60.9789,13.9094,578,,Saint Lucia,2020/12/12 01:27:11+00,13.9094,-60.9789,274,186,4,84,,,Saint Lucia
-61.2872,12.9843,579,,Saint Vincent and the Grenadines,2020/12/12 01:27:11+00,12.9843,-61.2872,94,81,0,13,,,Saint Vincent and the Grenadines
-172.1046,-13.759,580,,Samoa,2020/12/12 01:27:11+00,-13.759,-172.1046,2,2,0,0,,,Samoa
12.4578,43.9424,581,,San Marino,2020/12/12 01:27:11+00,43.9424,12.4578,1908,1555,50,303,,,San Marino
6.6131,0.1864,582,,Sao Tome and Principe,2020/12/12 01:27:11+00,0.1864,6.6131,1009,947,17,45,,,Sao Tome and Principe
45.079162,23.885942,583,,Saudi Arabia,2020/12/12 01:27:11+00,23.885942,45.079162,359583,350108,6023,3452,,,Saudi Arabia
-14.4524,14.4974,584,,Senegal,2020/12/12 01:27:11+00,14.4974,-14.4524,16893,16015,345,533,,,Senegal
21.0059,44.0165,585,,Serbia,2020/12/12 01:27:11+00,44.0165,21.0059,255758,0,2227,253531,,,Serbia
55.492,-4.6796,586,,Seychelles,2020/12/12 01:27:11+00,-4.6796,55.492,187,182,0,5,,,Seychelles
-11.779889,8.460555,587,,Sierra Leone,2020/12/12 01:27:11+00,8.460555,-11.779889,2438,1850,75,513,,,Sierra Leone
103.8333,1.2833,588,,Singapore,2020/12/12 01:27:11+00,1.2833,103.8333,58305,58192,29,84,,,Singapore
19.699,48.669,589,,Slovakia,2020/12/12 01:27:11+00,48.669,19.699,127087,93533,1122,32432,,,Slovakia
14.9955,46.1512,590,,Slovenia,2020/12/12 01:27:11+00,46.1512,14.9955,93737,70733,1998,21006,,,Slovenia
160.1562,-9.6457,591,,Solomon Islands,2020/12/12 01:27:11+00,-9.6457,160.1562,17,5,0,12,,,Solomon Islands
46.199616,5.152149,592,,Somalia,2020/12/12 01:27:11+00,5.152149,46.199616,4579,3529,121,929,,,Somalia
22.9375,-30.5595,593,,South Africa,2020/12/12 01:27:11+00,-30.5595,22.9375,845083,758373,22952,63758,,,South Africa
31.307,6.877,594,,South Sudan,2020/12/12 01:27:11+00,6.877,31.307,3181,3003,62,116,,,South Sudan
-4.7278,37.5443,595,Andalusia,Spain,2020/12/12 01:27:11+00,37.5443,-4.7278,244828,10671,4524,229633,,,"Andalusia, Spain"
-0.9057,41.5976,596,Aragon,Spain,2020/12/12 01:27:11+00,41.5976,-0.9057,75638,3772,2450,69416,,,"Aragon, Spain"
-5.8593,43.3614,597,Asturias,Spain,2020/12/12 01:27:11+00,43.3614,-5.8593,25159,1063,1211,22885,,,"Asturias, Spain"
2.995148,39.710358,598,Baleares,Spain,2020/12/12 01:27:11+00,39.710358,2.995148,26888,1533,427,24928,,,"Baleares, Spain"
-0.7533,39.484,599,C. Valenciana,Spain,2020/12/12 01:27:11+00,39.484,-0.7533,115386,9970,2548,102868,,,"C. Valenciana, Spain"
-16.6291,28.2916,600,Canarias,Spain,2020/12/12 01:27:11+00,28.2916,-16.6291,22943,1537,358,21048,,,"Canarias, Spain"
-3.9878,43.1828,601,Cantabria,Spain,2020/12/12 01:27:11+00,43.1828,-3.9878,16532,2287,340,13905,,,"Cantabria, Spain"
-3.0977,39.2796,602,Castilla - La Mancha,Spain,2020/12/12 01:27:11+00,39.2796,-3.0977,90337,6392,3895,80050,,,"Castilla - La Mancha, Spain"
-4.3976,41.8357,603,Castilla y Leon,Spain,2020/12/12 01:27:11+00,41.8357,-4.3976,126229,8716,4812,112701,,,"Castilla y Leon, Spain"
1.5209,41.5912,604,Catalonia,Spain,2020/12/12 01:27:11+00,41.5912,1.5209,317636,26203,8330,283103,,,"Catalonia, Spain"
-5.3213,35.8894,605,Ceuta,Spain,2020/12/12 01:27:11+00,35.8894,-5.3213,2907,163,56,2688,,,"Ceuta, Spain"
-6.0679,39.4937,606,Extremadura,Spain,2020/12/12 01:27:11+00,39.4937,-6.0679,30106,2652,996,26458,,,"Extremadura, Spain"
-8.1339,42.5751,607,Galicia,Spain,2020/12/12 01:27:11+00,42.5751,-8.1339,53732,9204,1287,43241,,,"Galicia, Spain"
-2.5396,42.2871,608,La Rioja,Spain,2020/12/12 01:27:11+00,42.2871,-2.5396,17184,3107,573,13504,,,"La Rioja, Spain"
-3.7038,40.4168,609,Madrid,Spain,2020/12/12 01:27:11+00,40.4168,-3.7038,361368,40736,11537,309095,,,"Madrid, Spain"
-2.9381,35.2923,610,Melilla,Spain,2020/12/12 01:27:11+00,35.2923,-2.9381,4242,125,42,4075,,,"Melilla, Spain"
-1.1307,37.9922,611,Murcia,Spain,2020/12/12 01:27:11+00,37.9922,-1.1307,56087,2180,658,53249,,,"Murcia, Spain"
-1.6761,42.6954,612,Navarra,Spain,2020/12/12 01:27:11+00,42.6954,-1.6761,40611,3905,914,35792,,,"Navarra, Spain"
-2.6189,42.9896,613,Pais Vasco,Spain,2020/12/12 01:27:11+00,42.9896,-2.6189,102762,16160,2666,83936,,,"Pais Vasco, Spain"
,,614,Unknown,Spain,2020/12/12 01:27:11+00,,,0,0,0,0,,,"Unknown, Spain"
80.771797,7.873054,615,,Sri Lanka,2020/12/12 01:27:11+00,7.873054,80.771797,31375,22831,146,8398,,,Sri Lanka
30.2176,12.8628,616,,Sudan,2020/12/12 01:27:11+00,12.8628,30.2176,20468,11673,1319,7476,,,Sudan
-56.0278,3.9193,617,,Suriname,2020/12/12 01:27:11+00,3.9193,-56.0278,5339,5220,117,2,,,Suriname
15.018,56.2784,618,Blekinge,Sweden,2020/12/12 01:27:11+00,56.2784,15.018,2864,0,26,2838,,,"Blekinge, Sweden"
14.6664,61.0917,619,Dalarna,Sweden,2020/12/12 01:27:11+00,61.0917,14.6664,7656,0,201,7455,,,"Dalarna, Sweden"
16.1534,61.3012,620,Gavleborg,Sweden,2020/12/12 01:27:11+00,61.3012,16.1534,9926,0,230,9696,,,"Gavleborg, Sweden"
18.4867,57.4684,621,Gotland,Sweden,2020/12/12 01:27:11+00,57.4684,18.4867,1702,0,19,1683,,,"Gotland, Sweden"
12.8034,56.8967,622,Halland,Sweden,2020/12/12 01:27:11+00,56.8967,12.8034,8249,0,118,8131,,,"Halland, Sweden"
14.9592,63.1712,623,Jamtland Harjedalen,Sweden,2020/12/12 01:27:11+00,63.1712,14.9592,3380,0,69,3311,,,"Jamtland Harjedalen, Sweden"
14.3439,57.3708,624,Jonkoping,Sweden,2020/12/12 01:27:11+00,57.3708,14.3439,13583,0,260,13323,,,"Jonkoping, Sweden"
16.1849,57.235,625,Kalmar,Sweden,2020/12/12 01:27:11+00,57.235,16.1849,4168,0,93,4075,,,"Kalmar, Sweden"
14.4115,56.7183,626,Kronoberg,Sweden,2020/12/12 01:27:11+00,56.7183,14.4115,6213,0,159,6054,,,"Kronoberg, Sweden"
20.3992,66.8309,627,Norrbotten,Sweden,2020/12/12 01:27:11+00,66.8309,20.3992,6183,0,117,6066,,,"Norrbotten, Sweden"
15.0066,59.535,628,Orebro,Sweden,2020/12/12 01:27:11+00,59.535,15.0066,11032,0,201,10831,,,"Orebro, Sweden"
15.5198,58.3454,629,Ostergotland,Sweden,2020/12/12 01:27:11+00,58.3454,15.5198,10633,0,331,10302,,,"Ostergotland, Sweden"
13.5958,55.9903,630,Skane,Sweden,2020/12/12 01:27:11+00,55.9903,13.5958,40584,0,496,40088,,,"Skane, Sweden"
16.7519,59.0336,631,Sormland,Sweden,2020/12/12 01:27:11+00,59.0336,16.7519,7030,0,286,6744,,,"Sormland, Sweden"
18.1384,59.6025,632,Stockholm,Sweden,2020/12/12 01:27:11+00,59.6025,18.1384,93383,0,2936,90447,,,"Stockholm, Sweden"
17.2715,60.0092,633,Uppsala,Sweden,2020/12/12 01:27:11+00,60.0092,17.2715,13868,0,328,13540,,,"Uppsala, Sweden"
13.2354,59.7294,634,Varmland,Sweden,2020/12/12 01:27:11+00,59.7294,13.2354,4362,0,98,4264,,,"Varmland, Sweden"
16.5162,65.3337,635,Vasterbotten,Sweden,2020/12/12 01:27:11+00,65.3337,16.5162,5804,0,60,5744,,,"Vasterbotten, Sweden"
17.7292,63.4276,636,Vasternorrland,Sweden,2020/12/12 01:27:11+00,63.4276,17.7292,7021,0,174,6847,,,"Vasternorrland, Sweden"
16.2159,59.6714,637,Vastmanland,Sweden,2020/12/12 01:27:11+00,59.6714,16.2159,10823,0,230,10593,,,"Vastmanland, Sweden"
13.0596,58.2528,638,Vastra Gotaland,Sweden,2020/12/12 01:27:11+00,58.2528,13.0596,51634,0,1082,50552,,,"Vastra Gotaland, Sweden"
8.2275,46.8182,639,,Switzerland,2020/12/12 01:27:11+00,46.8182,8.2275,373831,291500,5928,76403,,,Switzerland
38.996815,34.802075,640,,Syria,2020/12/12 01:27:11+00,34.802075,38.996815,8911,4243,491,4177,,,Syria
121.0,23.7,641,,Taiwan*,2020/12/12 01:27:11+00,23.7,121,725,595,7,123,,,Taiwan*
71.2761,38.861,642,,Tajikistan,2020/12/12 01:27:11+00,38.861,71.2761,12588,12009,88,491,,,Tajikistan
34.888822,-6.369028,643,,Tanzania,2020/12/12 01:27:11+00,-6.369028,34.888822,509,183,21,305,,,Tanzania
100.992541,15.870032,644,,Thailand,2020/12/12 01:27:11+00,15.870032,100.992541,4180,3903,60,217,,,Thailand
125.727539,-8.874217,645,,Timor-Leste,2020/12/12 01:27:11+00,-8.874217,125.727539,31,30,0,1,,,Timor-Leste
0.8248,8.6195,646,,Togo,2020/12/12 01:27:11+00,8.6195,0.8248,3202,2726,66,410,,,Togo
-61.2225,10.6918,647,,Trinidad and Tobago,2020/12/12 01:27:11+00,10.6918,-61.2225,6852,6103,122,627,,,Trinidad and Tobago
9.537499,33.886917,648,,Tunisia,2020/12/12 01:27:11+00,33.886917,9.537499,109104,83162,3801,22141,,,Tunisia
35.2433,38.9637,649,,Turkey,2020/12/12 01:27:11+00,38.9637,35.2433,955766,452593,15751,1306587,,,Turkey
32.290275,1.373333,650,,Uganda,2020/12/12 01:27:11+00,1.373333,32.290275,26369,9646,220,16503,,,Uganda
32.0598,49.4444,651,Cherkasy Oblast,Ukraine,2020/12/12 01:27:11+00,49.4444,32.0598,30133,12946,254,16933,,,"Cherkasy Oblast, Ukraine"
31.2893,51.4982,652,Chernihiv Oblast,Ukraine,2020/12/12 01:27:11+00,51.4982,31.2893,23190,8229,206,14755,,,"Chernihiv Oblast, Ukraine"
25.9352,48.2917,653,Chernivtsi Oblast,Ukraine,2020/12/12 01:27:11+00,48.2917,25.9352,36286,20035,696,15555,,,"Chernivtsi Oblast, Ukraine"
34.2008,45.2835,654,Crimea Republic*,Ukraine,2020/12/12 01:27:11+00,45.2835,34.2008,18256,14110,360,3786,,,"Crimea Republic*, Ukraine"
35.0462,48.4647,655,Dnipropetrovsk Oblast,Ukraine,2020/12/12 01:27:11+00,48.4647,35.0462,47650,32223,1116,14311,,,"Dnipropetrovsk Oblast, Ukraine"
37.8028,48.0159,656,Donetsk Oblast,Ukraine,2020/12/12 01:27:11+00,48.0159,37.8028,28391,18652,568,9171,,,"Donetsk Oblast, Ukraine"
24.7111,48.9226,657,Ivano-Frankivsk Oblast,Ukraine,2020/12/12 01:27:11+00,48.9226,24.7111,40282,16050,718,23514,,,"Ivano-Frankivsk Oblast, Ukraine"
36.2304,49.9935,658,Kharkiv Oblast,Ukraine,2020/12/12 01:27:11+00,49.9935,36.2304,61424,44140,859,16425,,,"Kharkiv Oblast, Ukraine"
32.6169,46.6354,659,Kherson Oblast,Ukraine,2020/12/12 01:27:11+00,46.6354,32.6169,13401,6096,301,7004,,,"Kherson Oblast, Ukraine"
26.9871,49.423,660,Khmelnytskyi Oblast,Ukraine,2020/12/12 01:27:11+00,49.423,26.9871,33958,24116,514,9328,,,"Khmelnytskyi Oblast, Ukraine"
30.5234,50.4501,661,Kiev,Ukraine,2020/12/12 01:27:11+00,50.4501,30.5234,88317,27769,1551,58997,,,"Kiev, Ukraine"
30.7667,50.053,662,Kiev Oblast,Ukraine,2020/12/12 01:27:11+00,50.053,30.7667,46998,18864,805,27329,,,"Kiev Oblast, Ukraine"
32.2623,48.5079,663,Kirovohrad Oblast,Ukraine,2020/12/12 01:27:11+00,48.5079,32.2623,6921,2790,194,3937,,,"Kirovohrad Oblast, Ukraine"
39.3078,48.574,664,Luhansk Oblast,Ukraine,2020/12/12 01:27:11+00,48.574,39.3078,7615,5557,202,1856,,,"Luhansk Oblast, Ukraine"
24.0297,49.8397,665,Lviv Oblast,Ukraine,2020/12/12 01:27:11+00,49.8397,24.0297,52578,36429,1436,14713,,,"Lviv Oblast, Ukraine"
31.9946,46.975,666,Mykolaiv Oblast,Ukraine,2020/12/12 01:27:11+00,46.975,31.9946,22980,10445,374,12161,,,"Mykolaiv Oblast, Ukraine"
30.7326,46.4846,667,Odessa Oblast,Ukraine,2020/12/12 01:27:11+00,46.4846,30.7326,55714,18436,758,36520,,,"Odessa Oblast, Ukraine"
34.5514,49.5883,668,Poltava Oblast,Ukraine,2020/12/12 01:27:11+00,49.5883,34.5514,28435,18357,592,9486,,,"Poltava Oblast, Ukraine"
26.2516,50.6199,669,Rivne Oblast,Ukraine,2020/12/12 01:27:11+00,50.6199,26.2516,35452,29375,441,5636,,,"Rivne Oblast, Ukraine"
33.522,44.6054,670,Sevastopol*,Ukraine,2020/12/12 01:27:11+00,44.6054,33.522,5136,4724,163,249,,,"Sevastopol*, Ukraine"
34.7981,50.9077,671,Sumy Oblast,Ukraine,2020/12/12 01:27:11+00,50.9077,34.7981,34996,21892,452,12652,,,"Sumy Oblast, Ukraine"
25.5948,49.5535,672,Ternopil Oblast,Ukraine,2020/12/12 01:27:11+00,49.5535,25.5948,30738,25141,418,5179,,,"Ternopil Oblast, Ukraine"
28.4682,49.2331,673,Vinnytsia Oblast,Ukraine,2020/12/12 01:27:11+00,49.2331,28.4682,19481,11407,331,7743,,,"Vinnytsia Oblast, Ukraine"
25.3254,50.7472,674,Volyn Oblast,Ukraine,2020/12/12 01:27:11+00,50.7472,25.3254,27537,20452,464,6621,,,"Volyn Oblast, Ukraine"
22.2879,48.6208,675,Zakarpattia Oblast,Ukraine,2020/12/12 01:27:11+00,48.6208,22.2879,25693,17676,575,7442,,,"Zakarpattia Oblast, Ukraine"
35.1396,47.8388,676,Zaporizhia Oblast,Ukraine,2020/12/12 01:27:11+00,47.8388,35.1396,40653,8826,372,31455,,,"Zaporizhia Oblast, Ukraine"
28.6587,50.2547,677,Zhytomyr Oblast,Ukraine,2020/12/12 01:27:11+00,50.2547,28.6587,33405,24445,558,8402,,,"Zhytomyr Oblast, Ukraine"
53.847818,23.424076,678,,United Arab Emirates,2020/12/12 01:27:11+00,23.424076,53.847818,182601,162435,607,19559,,,United Arab Emirates
-63.0686,18.2206,679,Anguilla,United Kingdom,2020/12/12 01:27:11+00,18.2206,-63.0686,10,3,0,7,,,"Anguilla, United Kingdom"
-64.7505,32.3078,680,Bermuda,United Kingdom,2020/12/12 01:27:11+00,32.3078,-64.7505,391,233,9,149,,,"Bermuda, United Kingdom"
-64.64,18.4207,681,British Virgin Islands,United Kingdom,2020/12/12 01:27:11+00,18.4207,-64.64,76,72,1,3,,,"British Virgin Islands, United Kingdom"
-81.2546,19.3133,682,Cayman Islands,United Kingdom,2020/12/12 01:27:11+00,19.3133,-81.2546,298,267,2,29,,,"Cayman Islands, United Kingdom"
-2.3644,49.3723,683,Channel Islands,United Kingdom,2020/12/12 01:27:11+00,49.3723,-2.3644,1926,1088,48,790,,,"Channel Islands, United Kingdom"
-1.1743,52.3555,684,England,United Kingdom,2020/12/12 01:27:11+00,52.3555,-1.1743,1549660,0,55508,1494152,,,"England, United Kingdom"
-59.5236,-51.7963,685,Falkland Islands (Malvinas),United Kingdom,2020/12/12 01:27:11+00,-51.7963,-59.5236,17,17,0,0,,,"Falkland Islands (Malvinas), United Kingdom"
-5.3536,36.1408,686,Gibraltar,United Kingdom,2020/12/12 01:27:11+00,36.1408,-5.3536,1070,1022,5,43,,,"Gibraltar, United Kingdom"
-4.5481,54.2361,687,Isle of Man,United Kingdom,2020/12/12 01:27:11+00,54.2361,-4.5481,370,344,25,1,,,"Isle of Man, United Kingdom"
-62.187366,16.742498,688,Montserrat,United Kingdom,2020/12/12 01:27:11+00,16.742498,-62.187366,13,12,1,0,,,"Montserrat, United Kingdom"
-6.4923,54.7877,689,Northern Ireland,United Kingdom,2020/12/12 01:27:11+00,54.7877,-6.4923,57257,0,1111,56146,,,"Northern Ireland, United Kingdom"
-4.2026,56.4907,690,Scotland,United Kingdom,2020/12/12 01:27:11+00,56.4907,-4.2026,104306,0,4069,100237,,,"Scotland, United Kingdom"
-71.7979,21.694,691,Turks and Caicos Islands,United Kingdom,2020/12/12 01:27:11+00,21.694,-71.7979,769,741,6,22,,,"Turks and Caicos Islands, United Kingdom"
,,692,Unknown,United Kingdom,2020/12/12 01:27:11+00,,,0,0,0,0,,,"Unknown, United Kingdom"
-3.7837,52.1307,693,Wales,United Kingdom,2020/12/12 01:27:11+00,52.1307,-3.7837,98232,0,2818,95414,,,"Wales, United Kingdom"
-55.7658,-32.5228,694,,Uruguay,2020/12/12 01:27:11+00,-32.5228,-55.7658,8849,5941,90,2818,,,Uruguay
64.585262,41.377491,695,,Uzbekistan,2020/12/12 01:27:11+00,41.377491,64.585262,74664,71921,611,2132,,,Uzbekistan
166.9592,-15.3767,696,,Vanuatu,2020/12/12 01:27:11+00,-15.3767,166.9592,1,1,0,0,,,Vanuatu
-66.5897,6.4238,697,,Venezuela,2020/12/12 01:27:11+00,6.4238,-66.5897,106280,101384,938,3958,,,Venezuela
108.277199,14.058324,698,,Vietnam,2020/12/12 01:27:11+00,14.058324,108.277199,1391,1238,35,118,,,Vietnam
35.2332,31.9522,699,,West Bank and Gaza,2020/12/12 01:27:11+00,31.9522,35.2332,106622,81166,931,24525,,,West Bank and Gaza
48.516388,15.552727,700,,Yemen,2020/12/12 01:27:11+00,15.552727,48.516388,2082,1383,606,93,,,Yemen
27.849332,-13.133897,701,,Zambia,2020/12/12 01:27:11+00,-13.133897,27.849332,18161,17329,365,467,,,Zambia
29.154857,-19.015438,702,,Zimbabwe,2020/12/12 01:27:11+00,-19.015438,29.154857,11162,9324,306,1532,,,Zimbabwe
-89.678696,32.741646,703,Mississippi,US,2020/12/12 01:27:11+00,32.741646,-89.678696,175282,0,4124,171158,,28,"Mississippi, US"
-122.665479,37.64894,704,Grand Princess,US,2020/08/04 02:27:56+00,37.64894,-122.665479,103,0,3,100,,,"Grand Princess, US"
-96.928917,35.565342,705,Oklahoma,US,2020/12/12 01:27:11+00,35.565342,-96.928917,229353,0,2007,227346,,40,"Oklahoma, US"
-75.507141,39.318523,706,Delaware,US,2020/12/12 01:27:11+00,39.318523,-75.507141,43818,0,807,43011,,10,"Delaware, US"
-93.900192,45.694454,707,Minnesota,US,2020/12/12 01:27:11+00,45.694454,-93.900192,370968,0,4351,366617,,27,"Minnesota, US"
-88.986137,40.349457,708,Illinois,US,2020/12/12 01:27:11+00,40.349457,-88.986137,832951,0,15067,817884,,17,"Illinois, US"
-92.373123,34.969704,709,Arkansas,US,2020/12/12 01:27:11+00,34.969704,-92.373123,181624,0,2875,178749,,05,"Arkansas, US"
-106.248482,34.840515,710,New Mexico,US,2020/12/12 01:27:11+00,34.840515,-106.248482,116565,0,1889,114676,,35,"New Mexico, US"
-86.258278,39.849426,711,Indiana,US,2020/12/12 01:27:11+00,39.849426,-86.258278,412135,0,6673,405462,,18,"Indiana, US"
-91.867805,31.169546,712,Louisiana,US,2020/12/12 01:27:11+00,31.169546,-91.867805,264191,0,6767,257424,,22,"Louisiana, US"
-97.563461,31.054487,713,Texas,US,2020/12/12 01:27:11+00,31.054487,-97.563461,1388909,0,24143,1364766,,48,"Texas, US"
-89.616508,44.268543,714,Wisconsin,US,2020/12/12 01:27:11+00,44.268543,-89.616508,461367,0,4266,457101,,55,"Wisconsin, US"
-96.726486,38.5266,715,Kansas,US,2020/12/12 01:27:11+00,38.5266,-96.726486,188318,0,2072,186246,,20,"Kansas, US"
0.0,0.0,716,Recovered,US,2020/12/12 01:27:11+00,0,0,0,6135314,0,-6135314,,,"Recovered, US"
-170.132,-14.271,717,American Samoa,US,1970/01/01 00:00:00+00,-14.271,-170.132,0,0,0,0,,,"American Samoa, US"
-72.755371,41.597782,718,Connecticut,US,2020/12/12 01:27:11+00,41.597782,-72.755371,146761,0,5363,141398,,09,"Connecticut, US"
-64.8963,18.3358,719,Virgin Islands,US,2020/12/12 01:27:11+00,18.3358,-64.8963,1791,0,23,1768,,,"Virgin Islands, US"
-119.681564,36.116203,720,California,US,2020/12/12 01:27:11+00,36.116203,-119.681564,1503065,0,20704,1481222,,06,"California, US"
-66.5901,18.2208,721,Puerto Rico,US,2020/12/12 01:27:11+00,18.2208,-66.5901,61002,0,1249,59753,,72,"Puerto Rico, US"
-83.643074,33.040619,722,Georgia,US,2020/12/12 01:27:11+00,33.040619,-83.643074,531593,0,10031,521562,,13,"Georgia, US"
-99.784012,47.528912,723,North Dakota,US,2020/12/12 01:27:11+00,47.528912,-99.784012,86707,0,1109,85598,,38,"North Dakota, US"
-77.209755,40.590752,724,Pennsylvania,US,2020/12/12 01:27:11+00,40.590752,-77.209755,476249,0,12183,463440,,42,"Pennsylvania, US"
-80.954453,38.491226,725,West Virginia,US,2020/12/12 01:27:11+00,38.491226,-80.954453,60637,0,938,59699,,54,"West Virginia, US"
-152.404419,61.370716,726,Alaska,US,2020/12/12 01:27:11+00,61.370716,-152.404419,39975,0,158,39817,,02,"Alaska, US"
-86.692345,35.747845,727,Tennessee,US,2020/12/12 01:27:11+00,35.747845,-86.692345,428973,0,5240,423733,,47,"Tennessee, US"
-64.933,18.35,728,United States Virgin Islands,US,1970/01/01 00:00:00+00,18.35,-64.933,0,0,0,0,,,"United States Virgin Islands, US"
-92.288368,38.456085,729,Missouri,US,2020/12/12 01:27:11+00,38.456085,-92.288368,343412,0,4551,338861,,29,"Missouri, US"
-99.438828,44.299782,730,South Dakota,US,2020/12/12 01:27:11+00,44.299782,-99.438828,89672,0,1210,88462,,46,"South Dakota, US"
-105.311104,39.059811,731,Colorado,US,2020/12/12 01:27:11+00,39.059811,-105.311104,281673,0,3846,277827,,08,"Colorado, US"
-74.521011,40.298904,732,New Jersey,US,2020/12/12 01:27:11+00,40.298904,-74.521011,390256,0,17662,372594,,34,"New Jersey, US"
144.7937,13.4443,733,Guam,US,2020/12/12 01:27:11+00,13.4443,144.7937,7052,0,115,6937,,,"Guam, US"
-121.490494,47.400902,734,Washington,US,2020/12/12 01:27:11+00,47.400902,-121.490494,195554,0,2879,192675,,53,"Washington, US"
-74.948051,42.165726,735,New York,US,2020/12/12 01:27:11+00,42.165726,-74.948051,753837,0,35295,716383,,36,"New York, US"
-117.055374,38.313515,736,Nevada,US,2020/12/12 01:27:11+00,38.313515,-117.055374,181310,0,2479,178806,,32,"Nevada, US"
145.6739,15.0979,737,Northern Mariana Islands,US,2020/12/12 01:27:11+00,15.0979,145.6739,113,0,2,111,,,"Northern Mariana Islands, US"
139.638,35.4437,738,Diamond Princess,US,2020/08/04 02:27:56+00,35.4437,139.638,49,0,0,49,,,"Diamond Princess, US"
-76.802101,39.063946,739,Maryland,US,2020/12/12 01:27:11+00,39.063946,-76.802101,228471,0,5064,223407,,24,"Maryland, US"
-114.478828,44.240459,740,Idaho,US,2020/12/12 01:27:11+00,44.240459,-114.478828,119610,0,1152,118458,,16,"Idaho, US"
-107.30249,42.755966,741,Wyoming,US,2020/12/12 01:27:11+00,42.755966,-107.30249,38785,0,321,38464,,56,"Wyoming, US"
-111.431221,33.729759,742,Arizona,US,2020/12/12 01:27:11+00,33.729759,-111.431221,394512,0,7245,387267,,04,"Arizona, US"
-93.210526,42.011539,743,Iowa,US,2020/12/12 01:27:11+00,42.011539,-93.210526,253613,0,2724,250889,,19,"Iowa, US"
-84.536095,43.326618,744,Michigan,US,2020/12/12 01:27:11+00,43.326618,-84.536095,460346,0,10965,449381,,26,"Michigan, US"
-111.862434,40.150032,745,Utah,US,2020/12/12 01:27:11+00,40.150032,-111.862434,228129,0,1025,227104,,49,"Utah, US"
-78.169968,37.769337,746,Virginia,US,2020/12/12 01:27:11+00,37.769337,-78.169968,274438,0,4370,270068,,51,"Virginia, US"
-122.070938,44.572021,747,Oregon,US,2020/12/12 01:27:11+00,44.572021,-122.070938,91420,0,1138,90282,,41,"Oregon, US"
-110.454353,46.921925,748,Montana,US,2020/12/12 01:27:11+00,46.921925,-110.454353,71870,0,805,71065,,30,"Montana, US"
-71.563896,43.452492,749,New Hampshire,US,2020/12/12 01:27:11+00,43.452492,-71.563896,29460,0,590,28870,,33,"New Hampshire, US"
-71.530106,42.230171,750,Massachusetts,US,2020/12/12 01:27:11+00,42.230171,-71.530106,280436,0,11257,269179,,25,"Massachusetts, US"
-80.945007,33.856892,751,South Carolina,US,2020/12/12 01:27:11+00,33.856892,-80.945007,245226,0,4673,240553,,45,"South Carolina, US"
-72.710686,44.045876,752,Vermont,US,2020/12/12 01:27:11+00,44.045876,-72.710686,5541,0,93,5448,,50,"Vermont, US"
-81.686783,27.766279,753,Florida,US,2020/12/12 01:27:11+00,27.766279,-81.686783,1106396,0,19714,1086682,,12,"Florida, US"
-157.498337,21.094318,754,Hawaii,US,2020/12/12 01:27:11+00,21.094318,-157.498337,19315,0,269,19046,,15,"Hawaii, US"
-84.670067,37.66814,755,Kentucky,US,2020/12/12 01:27:11+00,37.66814,-84.670067,217119,0,2168,214951,,21,"Kentucky, US"
-71.51178,41.680893,756,Rhode Island,US,2020/12/12 01:27:11+00,41.680893,-71.51178,70818,0,1509,69309,,44,"Rhode Island, US"
-98.268082,41.12537,757,Nebraska,US,2020/12/12 01:27:11+00,41.12537,-98.268082,145774,0,1329,144445,,31,"Nebraska, US"
-82.764915,40.388783,758,Ohio,US,2020/12/12 01:27:11+00,40.388783,-82.764915,542209,0,7426,534783,,39,"Ohio, US"
-86.9023,32.3182,759,Alabama,US,2020/12/12 01:27:11+00,32.3182,-86.9023,288775,0,4086,284689,,01,"Alabama, US"
-79.806419,35.630066,760,North Carolina,US,2020/12/12 01:27:11+00,35.630066,-79.806419,423623,0,5752,417871,,37,"North Carolina, US"
-77.026817,38.897438,761,District of Columbia,US,2020/12/12 01:27:11+00,38.897438,-77.026817,24357,0,709,23648,,11,"District of Columbia, US"
-69.381927,44.693947,762,Maine,US,2020/12/12 01:27:11+00,44.693947,-69.381927,15206,0,250,14956,,23,"Maine, US"
